{"type": "FeatureCollection", "crs": {"type": "name", "properties": {"name": "urn:ogc:def:crs:OGC:1.3:CRS84"}}, "features": [{"type": "Feature", "geometry": {"type": "Polygon", "coordinates": [[[106.82453173112255, -6.201496927892991], [106.82411531039061, -6.199762184032445], [106.82234009333257, -6.199325823258072], [106.82098130168686, -6.20062423337119], [106.82139774740703, -6.202358981472724], [106.82317295978513, -6.202795315220802], [106.82453173112255, -6.201496927892991]]]}, "properties": {"hex_id": "898c1078a5bffff", "kawasan": "Dukuh Atas BNI", "kode_kawasan": "DKA", "diskor": false, "jarak_simpul_m": 31, "menit_jalan": 5, "lat": -6.201060587152936, "lon": 106.8227565294501, "hex_induk": "888c1078a5fffff", "ridership_simpul": null}}, {"type": "Feature", "geometry": {"type": "Polygon", "coordinates": [[[106.82532204040554, -6.39249162867636], [106.8249058806446, -6.390760549380981], [106.82313175855158, -6.390326181914771], [106.82177380089328, -6.391622920736604], [106.82218998561234, -6.393354004143998], [106.82396410303205, -6.393788344618196], [106.82532204040554, -6.39249162867636]]]}, "properties": {"hex_id": "898c1070097ffff", "kawasan": "Depok Baru", "kode_kawasan": "DPB", "diskor": true, "jarak_simpul_m": 122, "menit_jalan": 5, "lat": -6.392057281304444, "lon": 106.82354793367952, "hex_induk": "888c107009fffff", "ridership_simpul": 22931228.0}}, {"type": "Feature", "geometry": {"type": "Polygon", "coordinates": [[[106.99984519571004, -6.236400974378854], [106.99943028662264, -6.23466806205457], [106.9976576157446, -6.234232908611789], [106.99629985843241, -6.235530694737736], [106.99671479259274, -6.237263611521943], [106.99848745899276, -6.237698737720936], [106.99984519571004, -6.236400974378854]]]}, "properties": {"hex_id": "898c104ee37ffff", "kawasan": "Bekasi", "kode_kawasan": "BKS", "diskor": false, "jarak_simpul_m": 136, "menit_jalan": 5, "lat": -6.2359658411171095, "lon": 106.99807254025662, "hex_induk": "888c104ee3fffff", "ridership_simpul": 22851756.0}}, {"type": "Feature", "geometry": {"type": "Polygon", "coordinates": [[[106.90047674731862, -6.371792092710676], [106.9000611870805, -6.370061113575736], [106.89828794990365, -6.369626896674229], [106.89693027755324, -6.370923686], [106.89734586279167, -6.372654669364731], [106.89911909538064, -6.373088859174544], [106.90047674731862, -6.371792092710676]]]}, "properties": {"hex_id": "898c1073663ffff", "kawasan": "Harjamukti", "kode_kawasan": "HJM", "diskor": false, "jarak_simpul_m": 139, "menit_jalan": 5, "lat": -6.371357895955066, "lon": 106.89870352552911, "hex_induk": "888c107367fffff", "ridership_simpul": null}}, {"type": "Feature", "geometry": {"type": "Polygon", "coordinates": [[[106.85334757594667, -6.210210992640937], [106.8529314072191, -6.20847660537767], [106.85115662338488, -6.208040473419049], [106.84979801292533, -6.209338755785961], [106.85021420665473, -6.211073147324255], [106.8519889858423, -6.211509252221254], [106.85334757594667, -6.210210992640937]]]}, "properties": {"hex_id": "898c107837bffff", "kawasan": "Manggarai", "kode_kawasan": "MGR", "diskor": true, "jarak_simpul_m": 163, "menit_jalan": 5, "lat": -6.209774880741781, "lon": 106.85157280750427, "hex_induk": "888c107837fffff", "ridership_simpul": 57517269.0}}, {"type": "Feature", "geometry": {"type": "Polygon", "coordinates": [[[106.81232331870747, -6.185435338787164], [106.81190677478632, -6.183700208266513], [106.81013130423284, -6.183263622117363], [106.80877238229537, -6.184562193503036], [106.809188951201, -6.186297328258656], [106.81096441706005, -6.186733887394273], [106.81232331870747, -6.185435338787164]]]}, "properties": {"hex_id": "898c107992fffff", "kawasan": "Tanah Abang", "kode_kawasan": "TNA", "diskor": false, "jarak_simpul_m": 165, "menit_jalan": 5, "lat": -6.184998772657749, "lon": 106.81054786353818, "hex_induk": "888c107993fffff", "ridership_simpul": 44062572.0}}, {"type": "Feature", "geometry": {"type": "Polygon", "coordinates": [[[106.81451527055363, -6.187606966584171], [106.8140987478004, -6.185871891890415], [106.81232331870747, -6.185435338787164], [106.81096441706005, -6.186733887394273], [106.81138096479852, -6.188468966324566], [106.81315638919962, -6.18890549241187], [106.81451527055363, -6.187606966584171]]]}, "properties": {"hex_id": "898c1079923ffff", "kawasan": "Tanah Abang", "kode_kawasan": "TNA", "diskor": false, "jarak_simpul_m": 184, "menit_jalan": 5, "lat": -6.187170433503061, "lon": 106.81273985684521, "hex_induk": "888c107993fffff", "ridership_simpul": 44062572.0}}, {"type": "Feature", "geometry": {"type": "Polygon", "coordinates": [[[106.89828794990365, -6.369626896674229], [106.89787236850412, -6.367895861334329], [106.89609908975426, -6.367461611091315], [106.89474139699477, -6.368758423278151], [106.8951570033938, -6.370489462846298], [106.89693027755324, -6.370923686], [106.89828794990365, -6.369626896674229]]]}, "properties": {"hex_id": "898c107366fffff", "kawasan": "Harjamukti", "kode_kawasan": "HJM", "diskor": false, "jarak_simpul_m": 204, "menit_jalan": 5, "lat": -6.369192666574764, "lon": 106.8965146865408, "hex_induk": "888c107367fffff", "ridership_simpul": null}}, {"type": "Feature", "geometry": {"type": "Polygon", "coordinates": [[[106.85021420665473, -6.211073147324255], [106.84979801292533, -6.209338755785961], [106.84802319221274, -6.208902617774317], [106.84666456988018, -6.210200898359068], [106.84708078860959, -6.211935294167445], [106.848855604672, -6.212371405121632], [106.85021420665473, -6.211073147324255]]]}, "properties": {"hex_id": "898c1078363ffff", "kawasan": "Manggarai", "kode_kawasan": "MGR", "diskor": true, "jarak_simpul_m": 206, "menit_jalan": 5, "lat": -6.210637029369911, "lon": 106.84843940133307, "hex_induk": "888c107837fffff", "ridership_simpul": 57517269.0}}, {"type": "Feature", "geometry": {"type": "Polygon", "coordinates": [[[106.82313175855158, -6.390326181914771], [106.82271557764811, -6.388595046451492], [106.82094141412855, -6.388160645698938], [106.81958343618881, -6.389457407399944], [106.81999964204961, -6.391188546973678], [106.82177380089328, -6.391622920736604], [106.82313175855158, -6.390326181914771]]]}, "properties": {"hex_id": "898c1070087ffff", "kawasan": "Depok Baru", "kode_kawasan": "DPB", "diskor": true, "jarak_simpul_m": 225, "menit_jalan": 5, "lat": -6.3898918012541515, "lon": 106.8213576103987, "hex_induk": "888c107009fffff", "ridership_simpul": 22931228.0}}, {"type": "Feature", "geometry": {"type": "Polygon", "coordinates": [[[107.00297554925623, -6.235538329588406], [107.00256066524351, -6.233805421728949], [107.00078803168927, -6.233370274337739], [106.99943028662264, -6.23466806205457], [106.99984519571004, -6.236400974378854], [107.00161782478983, -6.236836094522138], [107.00297554925623, -6.235538329588406]]]}, "properties": {"hex_id": "898c104ee33ffff", "kawasan": "Bekasi", "kode_kawasan": "BKS", "diskor": false, "jarak_simpul_m": 228, "menit_jalan": 5, "lat": -6.235103202380382, "lon": 107.00120293112745, "hex_induk": "888c104ee3fffff", "ridership_simpul": 22851756.0}}, {"type": "Feature", "geometry": {"type": "Polygon", "coordinates": [[[106.85115662338488, -6.208040473419049], [106.85074043348409, -6.206306030255412], [106.84896560812227, -6.205869865184568], [106.84760697731093, -6.207168170337221], [106.84802319221274, -6.208902617774317], [106.84979801292533, -6.209338755785961], [106.85115662338488, -6.208040473419049]]]}, "properties": {"hex_id": "898c107836bffff", "kawasan": "Manggarai", "kode_kawasan": "MGR", "diskor": true, "jarak_simpul_m": 257, "menit_jalan": 5, "lat": -6.20760432840529, "lon": 106.84938181341455, "hex_induk": "888c107837fffff", "ridership_simpul": 57517269.0}}, {"type": "Feature", "geometry": {"type": "Polygon", "coordinates": [[[107.00203271267645, -6.238568950760691], [107.00161782478983, -6.236836094522138], [106.99984519571004, -6.236400974378854], [106.99848745899276, -6.237698737720936], [106.9989023719531, -6.239431598420913], [107.00067499655744, -6.239866691318036], [107.00203271267645, -6.238568950760691]]]}, "properties": {"hex_id": "898c104eeafffff", "kawasan": "Bekasi", "kode_kawasan": "BKS", "diskor": false, "jarak_simpul_m": 270, "menit_jalan": 5, "lat": -6.2381338508007875, "lon": 107.0002600990216, "hex_induk": "888c104eebfffff", "ridership_simpul": 22851756.0}}, {"type": "Feature", "geometry": {"type": "Polygon", "coordinates": [[[106.81545763766259, -6.184573341490073], [106.81504111872766, -6.18283821520933], [106.81326568494387, -6.182401635088383], [106.81190677478632, -6.183700208266513], [106.81232331870747, -6.185435338787164], [106.8140987478004, -6.185871891890415], [106.81545763766259, -6.184573341490073]]]}, "properties": {"hex_id": "898c107992bffff", "kawasan": "Tanah Abang", "kode_kawasan": "TNA", "diskor": false, "jarak_simpul_m": 278, "menit_jalan": 5, "lat": -6.18413678139102, "lon": 106.81368221926384, "hex_induk": "888c107993fffff", "ridership_simpul": 44062572.0}}, {"type": "Feature", "geometry": {"type": "Polygon", "coordinates": [[[106.82218998561234, -6.393354004143998], [106.82177380089328, -6.391622920736604], [106.81999964204961, -6.391188546973678], [106.81864167260235, -6.392485283606629], [106.81905788227779, -6.394216371121106], [106.82083203644459, -6.394650717896193], [106.82218998561234, -6.393354004143998]]]}, "properties": {"hex_id": "898c107054bffff", "kawasan": "Depok Baru", "kode_kawasan": "DPB", "diskor": true, "jarak_simpul_m": 288, "menit_jalan": 5, "lat": -6.392919650473196, "lon": 106.82041584213484, "hex_induk": "888c107055fffff", "ridership_simpul": 22931228.0}}, {"type": "Feature", "geometry": {"type": "Polygon", "coordinates": [[[106.89734586279167, -6.372654669364731], [106.89693027755324, -6.370923686], [106.8951570033938, -6.370489462846298], [106.89379931906467, -6.371786250145525], [106.89421492930164, -6.373517237735135], [106.89598819886966, -6.373951433801288], [106.89734586279167, -6.372654669364731]]]}, "properties": {"hex_id": "898c1073667ffff", "kawasan": "Harjamukti", "kode_kawasan": "HJM", "diskor": false, "jarak_simpul_m": 296, "menit_jalan": 5, "lat": -6.372220466354775, "lon": 106.89557260401874, "hex_induk": "888c107367fffff", "ridership_simpul": null}}, {"type": "Feature", "geometry": {"type": "Polygon", "coordinates": [[[106.82672330626488, -6.203667943586486], [106.82630690670133, -6.201933255590525], [106.82453173112255, -6.201496927892991], [106.82317295978513, -6.202795315220802], [106.82358938433771, -6.204530007459297], [106.82536455523912, -6.204966308128109], [106.82672330626488, -6.203667943586486]]]}, "properties": {"hex_id": "898c1079d27ffff", "kawasan": "Dukuh Atas BNI", "kode_kawasan": "DKA", "diskor": false, "jarak_simpul_m": 312, "menit_jalan": 5, "lat": -6.203231635925667, "lon": 106.82494814607202, "hex_induk": "888c1079d3fffff", "ridership_simpul": null}}, {"type": "Feature", "geometry": {"type": "Polygon", "coordinates": [[[107.00078803168927, -6.233370274337739], [107.00037312647517, -6.231637310396541], [106.9986004511201, -6.231202129708219], [106.99724268545661, -6.232499940207285], [106.9976576157446, -6.234232908611789], [106.99943028662264, -6.23466806205457], [107.00078803168927, -6.233370274337739]]]}, "properties": {"hex_id": "898c104ee23ffff", "kawasan": "Bekasi", "kode_kawasan": "BKS", "diskor": false, "jarak_simpul_m": 331, "menit_jalan": 5, "lat": -6.232935113830242, "lon": 106.99901537175936, "hex_induk": "888c104ee3fffff", "ridership_simpul": 22851756.0}}, {"type": "Feature", "geometry": {"type": "Polygon", "coordinates": [[[106.90141884744426, -6.368764322230169], [106.90100329104604, -6.367033291123438], [106.8992300492823, -6.366599047128456], [106.89787236850412, -6.367895861334329], [106.89828794990365, -6.369626896674229], [106.9000611870805, -6.370061113575736], [106.90141884744426, -6.368764322230169]]]}, "properties": {"hex_id": "898c107366bffff", "kawasan": "Harjamukti", "kode_kawasan": "HJM", "diskor": false, "jarak_simpul_m": 332, "menit_jalan": 5, "lat": -6.368330098380894, "lon": 106.89964562106842, "hex_induk": "888c107367fffff", "ridership_simpul": null}}, {"type": "Feature", "geometry": {"type": "Polygon", "coordinates": [[[106.82358938433771, -6.204530007459297], [106.82317295978513, -6.202795315220802], [106.82139774740703, -6.202358981472724], [106.82003896426288, -6.203657366988344], [106.82045541380272, -6.205392063464438], [106.8222306214999, -6.205828370187965], [106.82358938433771, -6.204530007459297]]]}, "properties": {"hex_id": "898c1078a53ffff", "kawasan": "Dukuh Atas BNI", "kode_kawasan": "DKA", "diskor": false, "jarak_simpul_m": 333, "menit_jalan": 5, "lat": -6.204093693745757, "lon": 106.82181418734467, "hex_induk": "888c1078a5fffff", "ridership_simpul": null}}, {"type": "Feature", "geometry": {"type": "Polygon", "coordinates": [[[106.85240515839907, -6.213243587855133], [106.8519889858423, -6.211509252221254], [106.85021420665473, -6.211073147324255], [106.848855604672, -6.212371405121632], [106.8492718022296, -6.214105745027156], [106.85104657676955, -6.214541822864293], [106.85240515839907, -6.213243587855133]]]}, "properties": {"hex_id": "898c1078373ffff", "kawasan": "Manggarai", "kode_kawasan": "MGR", "diskor": true, "jarak_simpul_m": 340, "menit_jalan": 5, "lat": -6.212807503017807, "lon": 106.85063039460276, "hex_induk": "888c107837fffff", "ridership_simpul": 57517269.0}}, {"type": "Feature", "geometry": {"type": "Polygon", "coordinates": [[[106.82626382650601, -6.389463808377025], [106.82584767056164, -6.387732677029103], [106.8240735437963, -6.387298282569117], [106.82271557764811, -6.388595046451492], [106.82313175855158, -6.390326181914771], [106.8249058806446, -6.390760549380981], [106.82626382650601, -6.389463808377025]]]}, "properties": {"hex_id": "898c1070083ffff", "kawasan": "Depok Baru", "kode_kawasan": "DPB", "diskor": true, "jarak_simpul_m": 345, "menit_jalan": 5, "lat": -6.389029434011123, "lon": 106.8244897151082, "hex_induk": "888c107009fffff", "ridership_simpul": 22931228.0}}, {"type": "Feature", "geometry": {"type": "Polygon", "coordinates": [[[106.81138096479852, -6.188468966324566], [106.81096441706005, -6.186733887394273], [106.809188951201, -6.186297328258656], [106.80783003777626, -6.18759587506576], [106.8082466104982, -6.189330958227655], [106.81002207166188, -6.189767490351493], [106.81138096479852, -6.188468966324566]]]}, "properties": {"hex_id": "898c1079927ffff", "kawasan": "Tanah Abang", "kode_kawasan": "TNA", "diskor": false, "jarak_simpul_m": 347, "menit_jalan": 5, "lat": -6.188032427208914, "lon": 106.80960551432311, "hex_induk": "888c107993fffff", "ridership_simpul": 44062572.0}}, {"type": "Feature", "geometry": {"type": "Polygon", "coordinates": [[[106.82766566622408, -6.200634866457319], [106.82724927048216, -6.19890012684268], [106.825474090227, -6.198463772114689], [106.82411531039061, -6.199762184032445], [106.82453173112255, -6.201496927892991], [106.82630690670133, -6.201933255590525], [106.82766566622408, -6.200634866457319]]]}, "properties": {"hex_id": "898c1079d2fffff", "kawasan": "Dukuh Atas BNI", "kode_kawasan": "DKA", "diskor": false, "jarak_simpul_m": 353, "menit_jalan": 5, "lat": -6.200198531765808, "lon": 106.82589050135539, "hex_induk": "888c1079d3fffff", "ridership_simpul": null}}, {"type": "Feature", "geometry": {"type": "Polygon", "coordinates": [[[106.82139774740703, -6.202358981472724], [106.82098130168686, -6.20062423337119], [106.81920604783562, -6.200187866548615], [106.81784724438852, -6.201486274850335], [106.81826371509516, -6.203221027187887], [106.82003896426288, -6.203657366988344], [106.82139774740703, -6.202358981472724]]]}, "properties": {"hex_id": "898c1078a43ffff", "kawasan": "Dukuh Atas BNI", "kode_kawasan": "DKA", "diskor": false, "jarak_simpul_m": 369, "menit_jalan": 5, "lat": -6.201922634682282, "lon": 106.81962250894053, "hex_induk": "888c1078a5fffff", "ridership_simpul": null}}, {"type": "Feature", "geometry": {"type": "Polygon", "coordinates": [[[106.82234009333257, -6.199325823258072], [106.82192365143244, -6.197591023538543], [106.82014839289867, -6.197154629692071], [106.81878958094804, -6.198453062589669], [106.81920604783562, -6.200187866548615], [106.82098130168686, -6.20062423337119], [106.82234009333257, -6.199325823258072]]]}, "properties": {"hex_id": "898c1078a4bffff", "kawasan": "Dukuh Atas BNI", "kode_kawasan": "DKA", "diskor": false, "jarak_simpul_m": 372, "menit_jalan": 5, "lat": -6.198889449443531, "lon": 106.8205648501841, "hex_induk": "888c1078a5fffff", "ridership_simpul": null}}, {"type": "Feature", "geometry": {"type": "Polygon", "coordinates": [[[106.825474090227, -6.198463772114689], [106.8250576733161, -6.196728976639506], [106.82328245157909, -6.196292588837082], [106.82192365143244, -6.197591023538543], [106.82234009333257, -6.199325823258072], [106.82411531039061, -6.199762184032445], [106.825474090227, -6.198463772114689]]]}, "properties": {"hex_id": "898c1079997ffff", "kawasan": "Dukuh Atas BNI", "kode_kawasan": "DKA", "diskor": false, "jarak_simpul_m": 374, "menit_jalan": 5, "lat": -6.198027404346358, "lon": 106.82369888387616, "hex_induk": "888c107999fffff", "ridership_simpul": null}}, {"type": "Feature", "geometry": {"type": "Polygon", "coordinates": [[[106.82438026660921, -6.395519371853727], [106.82396410303205, -6.393788344618196], [106.82218998561234, -6.393354004143998], [106.82083203644459, -6.394650717896193], [106.82124822497892, -6.396381749240361], [106.8230223377243, -6.396816062724334], [106.82438026660921, -6.395519371853727]]]}, "properties": {"hex_id": "898c107055bffff", "kawasan": "Depok Baru", "kode_kawasan": "DPB", "diskor": true, "jarak_simpul_m": 399, "menit_jalan": 5, "lat": -6.395085051474005, "lon": 106.82260616455599, "hex_induk": "888c107055fffff", "ridership_simpul": 22931228.0}}, {"type": "Feature", "geometry": {"type": "Polygon", "coordinates": [[[106.9989023719531, -6.239431598420913], [106.99848745899276, -6.237698737720936], [106.99671479259274, -6.237263611521943], [106.9953570436325, -6.238561373265595], [106.99577198166479, -6.240294238422098], [106.99754464358581, -6.240729337379084], [106.9989023719531, -6.239431598420913]]]}, "properties": {"hex_id": "898c104e8dbffff", "kawasan": "Bekasi", "kode_kawasan": "BKS", "diskor": false, "jarak_simpul_m": 420, "menit_jalan": 10, "lat": -6.238996492403168, "lon": 106.99712972097717, "hex_induk": "888c104e8dfffff", "ridership_simpul": 22851756.0}}, {"type": "Feature", "geometry": {"type": "Polygon", "coordinates": [[[106.8995346594583, -6.374819786330351], [106.89911909538064, -6.373088859174544], [106.89734586279167, -6.372654669364731], [106.89598819886966, -6.373951433801288], [106.89640378794664, -6.375682365183519], [106.89817701594676, -6.376116527903424], [106.8995346594583, -6.374819786330351]]]}, "properties": {"hex_id": "898c1073677ffff", "kawasan": "Harjamukti", "kode_kawasan": "HJM", "diskor": false, "jarak_simpul_m": 421, "menit_jalan": 10, "lat": -6.374385616666631, "lon": 106.89776144225614, "hex_induk": "888c107367fffff", "ridership_simpul": null}}, {"type": "Feature", "geometry": {"type": "Polygon", "coordinates": [[[106.81326568494387, -6.182401635088383], [106.8128491448404, -6.180666452984813], [106.8110736695935, -6.180229839820379], [106.80971473914394, -6.181528435775455], [106.81013130423284, -6.183263622117363], [106.81190677478632, -6.183700208266513], [106.81326568494387, -6.182401635088383]]]}, "properties": {"hex_id": "898c106a693ffff", "kawasan": "Tanah Abang", "kode_kawasan": "TNA", "diskor": false, "jarak_simpul_m": 428, "menit_jalan": 10, "lat": -6.181965041943462, "lon": 106.81149022508168, "hex_induk": "888c106a69fffff", "ridership_simpul": 44062572.0}}, {"type": "Feature", "geometry": {"type": "Polygon", "coordinates": [[[106.85429000579772, -6.207178321235371], [106.8538738408997, -6.205443882350131], [106.85209905241983, -6.205007723328142], [106.85074043348409, -6.206306030255412], [106.85115662338488, -6.208040473419049], [106.8529314072191, -6.20847660537767], [106.85429000579772, -6.207178321235371]]]}, "properties": {"hex_id": "898c1079cb7ffff", "kawasan": "Manggarai", "kode_kawasan": "MGR", "diskor": true, "jarak_simpul_m": 432, "menit_jalan": 10, "lat": -6.206742182272625, "lon": 106.85251523271019, "hex_induk": "888c1079cbfffff", "ridership_simpul": 57517269.0}}, {"type": "Feature", "geometry": {"type": "Polygon", "coordinates": [[[106.9976576157446, -6.234232908611789], [106.99724268545661, -6.232499940207285], [106.99546997278381, -6.232064753469703], [106.99411219488005, -6.233362562378663], [106.99452715024022, -6.235095535241553], [106.99629985843241, -6.235530694737736], [106.9976576157446, -6.234232908611789]]]}, "properties": {"hex_id": "898c104ee27ffff", "kawasan": "Bekasi", "kode_kawasan": "BKS", "diskor": false, "jarak_simpul_m": 444, "menit_jalan": 10, "lat": -6.233797742052878, "lon": 106.99588491849613, "hex_induk": "888c104ee3fffff", "ridership_simpul": 22851756.0}}, {"type": "Feature", "geometry": {"type": "Polygon", "coordinates": [[[106.84802319221274, -6.208902617774317], [106.84760697731093, -6.207168170337221], [106.84583211507686, -6.206731999215677], [106.84447347239784, -6.208030302586939], [106.84488971229888, -6.209764754292572], [106.84666456988018, -6.210200898359068], [106.84802319221274, -6.208902617774317]]]}, "properties": {"hex_id": "898c107836fffff", "kawasan": "Manggarai", "kode_kawasan": "MGR", "diskor": true, "jarak_simpul_m": 451, "menit_jalan": 10, "lat": -6.2084664667077005, "lon": 106.84624834536929, "hex_induk": "888c107837fffff", "ridership_simpul": 57517269.0}}, {"type": "Feature", "geometry": {"type": "Polygon", "coordinates": [[[106.82845404663973, -6.391629244726833], [106.82803791183869, -6.389898169548361], [106.82626382650601, -6.389463808377025], [106.8249058806446, -6.390760549380981], [106.82532204040554, -6.39249162867636], [106.82709612106846, -6.392925962851534], [106.82845404663973, -6.391629244726833]]]}, "properties": {"hex_id": "898c1070093ffff", "kawasan": "Depok Baru", "kode_kawasan": "DPB", "diskor": true, "jarak_simpul_m": 452, "menit_jalan": 10, "lat": -6.391194903651941, "lon": 106.82667997667491, "hex_induk": "888c107009fffff", "ridership_simpul": 22931228.0}}, {"type": "Feature", "geometry": {"type": "Polygon", "coordinates": [[[106.81764952774593, -6.186744959015092], [106.81723302997972, -6.185009888562796], [106.81545763766259, -6.184573341490073], [106.8140987478004, -6.185871891890415], [106.81451527055363, -6.187606966584171], [106.8162906581825, -6.188043486636781], [106.81764952774593, -6.186744959015092]]]}, "properties": {"hex_id": "898c107993bffff", "kawasan": "Tanah Abang", "kode_kawasan": "TNA", "diskor": false, "jarak_simpul_m": 454, "menit_jalan": 10, "lat": -6.186308431966673, "lon": 106.81587415081417, "hex_induk": "888c107993fffff", "ridership_simpul": 44062572.0}}, {"type": "Feature", "geometry": {"type": "Polygon", "coordinates": [[[106.90360758286496, -6.370929507781598], [106.90319204762889, -6.369198532881348], [106.90141884744426, -6.368764322230169], [106.9000611870805, -6.370061113575736], [106.90047674731862, -6.371792092710676], [106.90224994291893, -6.372226276266003], [106.90360758286496, -6.370929507781598]]]}, "properties": {"hex_id": "898c107367bffff", "kawasan": "Harjamukti", "kode_kawasan": "HJM", "diskor": false, "jarak_simpul_m": 457, "menit_jalan": 10, "lat": -6.3704953172784675, "lon": 106.90183439806854, "hex_induk": "888c107367fffff", "ridership_simpul": null}}, {"type": "Feature", "geometry": {"type": "Polygon", "coordinates": [[[106.82751225968671, -6.394656985973515], [106.82709612106846, -6.392925962851534], [106.82532204040554, -6.39249162867636], [106.82396410303205, -6.393788344618196], [106.82438026660921, -6.395519371853727], [106.8261543426014, -6.395953679034518], [106.82751225968671, -6.394656985973515]]]}, "properties": {"hex_id": "898c107042fffff", "kawasan": "Depok Baru", "kode_kawasan": "DPB", "diskor": true, "jarak_simpul_m": 460, "menit_jalan": 10, "lat": -6.39422267189498, "lon": 106.8257381943911, "hex_induk": "888c107043fffff", "ridership_simpul": 22931228.0}}, {"type": "Feature", "geometry": {"type": "Polygon", "coordinates": [[[106.85553846580395, -6.212381422839887], [106.85512231824977, -6.210647091482594], [106.85334757594667, -6.210210992640937], [106.8519889858423, -6.211509252221254], [106.85240515839907, -6.213243587855133], [106.8541798960581, -6.213679659632762], [106.85553846580395, -6.212381422839887]]]}, "properties": {"hex_id": "898c1078347ffff", "kawasan": "Manggarai", "kode_kawasan": "MGR", "diskor": true, "jarak_simpul_m": 470, "menit_jalan": 10, "lat": -6.2119453440600845, "lon": 106.85376373889298, "hex_induk": "888c107835fffff", "ridership_simpul": 57517269.0}}, {"type": "Feature", "geometry": {"type": "Polygon", "coordinates": [[[107.00516300381739, -6.237706295450006], [107.00474814100619, -6.235973443677827], [107.00297554925623, -6.235538329588406], [107.00161782478983, -6.236836094522138], [107.00203271267645, -6.238568950760691], [107.00380529995452, -6.239004037599795], [107.00516300381739, -6.237706295450006]]]}, "properties": {"hex_id": "898c104eeabffff", "kawasan": "Bekasi", "kode_kawasan": "BKS", "diskor": false, "jarak_simpul_m": 477, "menit_jalan": 10, "lat": -6.237271201546135, "lon": 107.00339042749322, "hex_induk": "888c104eebfffff", "ridership_simpul": 22851756.0}}, {"type": "Feature", "geometry": {"type": "Polygon", "coordinates": [[[106.9026654819955, -6.373957199190491], [106.90224994291893, -6.372226276266003], [106.90047674731862, -6.371792092710676], [106.89911909538064, -6.373088859174544], [106.8995346594583, -6.374819786330351], [106.90130785047332, -6.375253942791619], [106.9026654819955, -6.373957199190491]]]}, "properties": {"hex_id": "898c1073673ffff", "kawasan": "Harjamukti", "kode_kawasan": "HJM", "diskor": false, "jarak_simpul_m": 480, "menit_jalan": 10, "lat": -6.373523035783407, "lon": 106.90089230178286, "hex_induk": "888c107367fffff", "ridership_simpul": null}}, {"type": "Feature", "geometry": {"type": "Polygon", "coordinates": [[[106.8951570033938, -6.370489462846298], [106.89474139699477, -6.368758423278151], [106.8929680812684, -6.368324166785251], [106.89161037653551, -6.369620976946296], [106.8920260079323, -6.371352020737779], [106.89379931906467, -6.371786250145525], [106.8951570033938, -6.370489462846298]]]}, "properties": {"hex_id": "898c107329bffff", "kawasan": "Harjamukti", "kode_kawasan": "HJM", "diskor": false, "jarak_simpul_m": 481, "menit_jalan": 10, "lat": -6.370055226494789, "lon": 106.89338370305362, "hex_induk": "888c107329fffff", "ridership_simpul": null}}, {"type": "Feature", "geometry": {"type": "Polygon", "coordinates": [[[106.809188951201, -6.186297328258656], [106.80877238229537, -6.184562193503036], [106.8069968749819, -6.184125601323861], [106.8056379412725, -6.185424170910303], [106.80605453516078, -6.187159309895939], [106.80783003777626, -6.18759587506576], [106.809188951201, -6.186297328258656]]]}, "properties": {"hex_id": "898c106a45bffff", "kawasan": "Tanah Abang", "kode_kawasan": "TNA", "diskor": false, "jarak_simpul_m": 485, "menit_jalan": 10, "lat": -6.1858607560970436, "lon": 106.80741345927085, "hex_induk": "888c106a45fffff", "ridership_simpul": 44062572.0}}, {"type": "Feature", "geometry": {"type": "Polygon", "coordinates": [[[106.81357291577079, -6.190640515511242], [106.81315638919962, -6.18890549241187], [106.81138096479852, -6.188468966324566], [106.81002207166188, -6.189767490351493], [106.81043862321731, -6.191502517684004], [106.81221404292558, -6.191939016757114], [106.81357291577079, -6.190640515511242]]]}, "properties": {"hex_id": "898c1079937ffff", "kawasan": "Tanah Abang", "kode_kawasan": "TNA", "diskor": false, "jarak_simpul_m": 490, "menit_jalan": 10, "lat": -6.1902040094462984, "lon": 106.81179750675368, "hex_induk": "888c107993fffff", "ridership_simpul": 44062572.0}}, {"type": "Feature", "geometry": {"type": "Polygon", "coordinates": [[[106.81999964204961, -6.391188546973678], [106.81958343618881, -6.389457407399944], [106.8178092359247, -6.389023000352973], [106.81645124620131, -6.390319759865847], [106.8168674770177, -6.392050903545118], [106.81864167260235, -6.392485283606629], [106.81999964204961, -6.391188546973678]]]}, "properties": {"hex_id": "898c10700b3ffff", "kawasan": "Depok Baru", "kode_kawasan": "DPB", "diskor": true, "jarak_simpul_m": 490, "menit_jalan": 10, "lat": -6.39075416001648, "lon": 106.81822545715134, "hex_induk": "888c10700bfffff", "ridership_simpul": 22931228.0}}, {"type": "Feature", "geometry": {"type": "Polygon", "coordinates": [[[106.99671479259274, -6.237263611521943], [106.99629985843241, -6.235530694737736], [106.99452715024022, -6.235095535241553], [106.99316938069036, -6.236393319769856], [106.99358433992185, -6.238126241009048], [106.9953570436325, -6.238561373265595], [106.99671479259274, -6.237263611521943]]]}, "properties": {"hex_id": "898c104e8cbffff", "kawasan": "Bekasi", "kode_kawasan": "BKS", "diskor": false, "jarak_simpul_m": 493, "menit_jalan": 10, "lat": -6.236828472204648, "lon": 106.99494209982433, "hex_induk": "888c104e8dfffff", "ridership_simpul": 22851756.0}}, {"type": "Feature", "geometry": {"type": "Polygon", "coordinates": [[[106.8992300492823, -6.366599047128456], [106.89881447172206, -6.364867959820724], [106.89704118838274, -6.36443368248661], [106.89568348719355, -6.365730519551961], [106.89609908975426, -6.367461611091315], [106.89787236850412, -6.367895861334329], [106.8992300492823, -6.366599047128456]]]}, "properties": {"hex_id": "898c10732d3ffff", "kawasan": "Harjamukti", "kode_kawasan": "HJM", "diskor": false, "jarak_simpul_m": 494, "menit_jalan": 10, "lat": -6.366164789937695, "lon": 106.89745678133053, "hex_induk": "888c10732dfffff", "ridership_simpul": null}}, {"type": "Feature", "geometry": {"type": "Polygon", "coordinates": [[[106.81013130423284, -6.183263622117363], [106.80971473914394, -6.181528435775455], [106.80793922713346, -6.181091816585157], [106.80658028490936, -6.182390410748547], [106.8069968749819, -6.184125601323861], [106.80877238229537, -6.184562193503036], [106.81013130423284, -6.183263622117363]]]}, "properties": {"hex_id": "898c106a697ffff", "kawasan": "Tanah Abang", "kode_kawasan": "TNA", "diskor": false, "jarak_simpul_m": 504, "menit_jalan": 10, "lat": -6.182827022944424, "lon": 106.80835580760623, "hex_induk": "888c106a69fffff", "ridership_simpul": 44062572.0}}, {"type": "Feature", "geometry": {"type": "Polygon", "coordinates": [[[106.8240735437963, -6.387298282569117], [106.8236573667088, -6.385567095057257], [106.82188319851434, -6.385132667313314], [106.82052521208274, -6.386429454073269], [106.82094141412855, -6.388160645698938], [106.82271557764811, -6.388595046451492], [106.8240735437963, -6.387298282569117]]]}, "properties": {"hex_id": "898c107008fffff", "kawasan": "Depok Baru", "kode_kawasan": "DPB", "diskor": true, "jarak_simpul_m": 517, "menit_jalan": 10, "lat": -6.386863874916902, "lon": 106.82229939096905, "hex_induk": "888c107009fffff", "ridership_simpul": 22931228.0}}, {"type": "Feature", "geometry": {"type": "Polygon", "coordinates": [[[106.8492718022296, -6.214105745027156], [106.848855604672, -6.212371405121632], [106.84708078860959, -6.211935294167445], [106.84572217475646, -6.21323355017512], [106.84613839731313, -6.214967894347361], [106.84791320872434, -6.215403978245849], [106.8492718022296, -6.214105745027156]]]}, "properties": {"hex_id": "898c1078377ffff", "kawasan": "Manggarai", "kode_kawasan": "MGR", "diskor": true, "jarak_simpul_m": 518, "menit_jalan": 10, "lat": -6.213669654130482, "lon": 106.84749700155763, "hex_induk": "888c107837fffff", "ridership_simpul": 57517269.0}}, {"type": "Feature", "geometry": {"type": "Polygon", "coordinates": [[[106.85648089646789, -6.209348830126118], [106.85606475274386, -6.207614447142813], [106.85429000579772, -6.207178321235371], [106.8529314072191, -6.20847660537767], [106.85334757594667, -6.210210992640937], [106.85512231824977, -6.210647091482594], [106.85648089646789, -6.209348830126118]]]}, "properties": {"hex_id": "898c107834fffff", "kawasan": "Manggarai", "kode_kawasan": "MGR", "diskor": true, "jarak_simpul_m": 519, "menit_jalan": 10, "lat": -6.208912724280312, "lon": 106.85470616491438, "hex_induk": "888c107835fffff", "ridership_simpul": 57517269.0}}, {"type": "Feature", "geometry": {"type": "Polygon", "coordinates": [[[106.81670715976762, -6.189778505498052], [106.8162906581825, -6.188043486636781], [106.81451527055363, -6.187606966584171], [106.81315638919962, -6.18890549241187], [106.81357291577079, -6.190640515511242], [106.81534829871039, -6.19107700854547], [106.81670715976762, -6.189778505498052]]]}, "properties": {"hex_id": "898c1079933ffff", "kawasan": "Tanah Abang", "kode_kawasan": "TNA", "diskor": false, "jarak_simpul_m": 524, "menit_jalan": 10, "lat": -6.189342005469977, "lon": 106.8149317875236, "hex_induk": "888c107993fffff", "ridership_simpul": 44062572.0}}, {"type": "Feature", "geometry": {"type": "Polygon", "coordinates": [[[107.00391839805668, -6.232507632428011], [107.00350351791822, -6.230774672955051], [107.00173087989052, -6.230339498314136], [107.00037312647517, -6.231637310396541], [107.00078803168927, -6.233370274337739], [107.00256066524351, -6.233805421728949], [107.00391839805668, -6.232507632428011]]]}, "properties": {"hex_id": "898c104ee3bffff", "kawasan": "Bekasi", "kode_kawasan": "BKS", "diskor": false, "jarak_simpul_m": 529, "menit_jalan": 10, "lat": -6.23207247797009, "lon": 107.00214577545496, "hex_induk": "888c104ee3fffff", "ridership_simpul": 22851756.0}}, {"type": "Feature", "geometry": {"type": "Polygon", "coordinates": [[[106.89609908975426, -6.367461611091315], [106.89568348719355, -6.365730519551961], [106.89391016687416, -6.365296235972102], [106.89255245370896, -6.36659307101918], [106.8929680812684, -6.368324166785251], [106.89474139699477, -6.368758423278151], [106.89609908975426, -6.367461611091315]]]}, "properties": {"hex_id": "898c10732d7ffff", "kawasan": "Harjamukti", "kode_kawasan": "HJM", "diskor": false, "jarak_simpul_m": 545, "menit_jalan": 10, "lat": -6.3670273476526535, "lon": 106.89432578482159, "hex_induk": "888c10732dfffff", "ridership_simpul": null}}, {"type": "Feature", "geometry": {"type": "Polygon", "coordinates": [[[106.84708078860959, -6.211935294167445], [106.84666456988018, -6.210200898359068], [106.84488971229888, -6.209764754292572], [106.84353107810125, -6.211063033088389], [106.84394732182895, -6.212797433161916], [106.84572217475646, -6.21323355017512], [106.84708078860959, -6.211935294167445]]]}, "properties": {"hex_id": "898c1078367ffff", "kawasan": "Manggarai", "kode_kawasan": "MGR", "diskor": true, "jarak_simpul_m": 563, "menit_jalan": 10, "lat": -6.211499170156085, "lon": 106.8453059464184, "hex_induk": "888c107837fffff", "ridership_simpul": 57517269.0}}, {"type": "Feature", "geometry": {"type": "Polygon", "coordinates": [[[106.82578095862394, -6.206700944497986], [106.82536455523912, -6.204966308128109], [106.82358938433771, -6.204530007459297], [106.8222306214999, -6.205828370187965], [106.82264704987276, -6.207563010797005], [106.82442221609583, -6.207999284438851], [106.82578095862394, -6.206700944497986]]]}, "properties": {"hex_id": "898c1078acbffff", "kawasan": "Dukuh Atas BNI", "kode_kawasan": "DKA", "diskor": false, "jarak_simpul_m": 565, "menit_jalan": 10, "lat": -6.206264663866101, "lon": 106.82400580310791, "hex_induk": "888c1078adfffff", "ridership_simpul": null}}, {"type": "Feature", "geometry": {"type": "Polygon", "coordinates": [[[106.82094141412855, -6.388160645698938], [106.82052521208274, -6.386429454073269], [106.8187510071402, -6.385995020039063], [106.81739300892235, -6.387291804618409], [106.8178092359247, -6.389023000352973], [106.81958343618881, -6.389457407399944], [106.82094141412855, -6.388160645698938]]]}, "properties": {"hex_id": "898c10700bbffff", "kawasan": "Depok Baru", "kode_kawasan": "DPB", "diskor": true, "jarak_simpul_m": 566, "menit_jalan": 10, "lat": -6.387726231754299, "lon": 106.81916722455236, "hex_induk": "888c10700bfffff", "ridership_simpul": 22931228.0}}, {"type": "Feature", "geometry": {"type": "Polygon", "coordinates": [[[106.84896560812227, -6.205869865184568], [106.84854939704843, -6.204135366126132], [106.84677453016256, -6.203699167947813], [106.84541587900279, -6.204997495885348], [106.84583211507686, -6.206731999215677], [106.84760697731093, -6.207168170337221], [106.84896560812227, -6.205869865184568]]]}, "properties": {"hex_id": "898c1079dd3ffff", "kawasan": "Manggarai", "kode_kawasan": "MGR", "diskor": true, "jarak_simpul_m": 582, "menit_jalan": 10, "lat": -6.205433687060927, "lon": 106.84719075662757, "hex_induk": "888c1079ddfffff", "ridership_simpul": 57517269.0}}, {"type": "Feature", "geometry": {"type": "Polygon", "coordinates": [[[106.85209905241983, -6.205007723328142], [106.85168286634797, -6.203273228546556], [106.84990803633794, -6.202837036414754], [106.84854939704843, -6.204135366126132], [106.84896560812227, -6.205869865184568], [106.85074043348409, -6.206306030255412], [106.85209905241983, -6.205007723328142]]]}, "properties": {"hex_id": "898c1079ca7ffff", "kawasan": "Manggarai", "kode_kawasan": "MGR", "diskor": true, "jarak_simpul_m": 582, "menit_jalan": 10, "lat": -6.204571551253195, "lon": 106.8503242378018, "hex_induk": "888c1079cbfffff", "ridership_simpul": 57517269.0}}, {"type": "Feature", "geometry": {"type": "Polygon", "coordinates": [[[107.00108988831762, -6.24159949592828], [107.00067499655744, -6.239866691318036], [106.9989023719531, -6.239431598420913], [106.99754464358581, -6.240729337379084], [106.99795956041872, -6.242462146447362], [106.99973218054663, -6.242897212100088], [107.00108988831762, -6.24159949592828]]]}, "properties": {"hex_id": "898c104eea7ffff", "kawasan": "Bekasi", "kode_kawasan": "BKS", "diskor": false, "jarak_simpul_m": 585, "menit_jalan": 10, "lat": -6.241164423214745, "lon": 106.99931727913768, "hex_induk": "888c104eebfffff", "ridership_simpul": 22851756.0}}, {"type": "Feature", "geometry": {"type": "Polygon", "coordinates": [[[106.82985717956659, -6.202805871854618], [106.82944080499384, -6.201071188106135], [106.82766566622408, -6.200634866457319], [106.82630690670133, -6.201933255590525], [106.82672330626488, -6.203667943586486], [106.82849844036083, -6.204104238202421], [106.82985717956659, -6.202805871854618]]]}, "properties": {"hex_id": "898c1079d23ffff", "kawasan": "Dukuh Atas BNI", "kode_kawasan": "DKA", "diskor": false, "jarak_simpul_m": 585, "menit_jalan": 10, "lat": -6.202369570244678, "lon": 106.82808205618363, "hex_induk": "888c1079d3fffff", "ridership_simpul": null}}, {"type": "Feature", "geometry": {"type": "Polygon", "coordinates": [[[107.00610585321385, -6.234675677159204], [107.00569099427753, -6.232942773769505], [107.00391839805668, -6.232507632428011], [107.00256066524351, -6.233805421728949], [107.00297554925623, -6.235538329588406], [107.00474814100619, -6.235973443677827], [107.00610585321385, -6.234675677159204]]]}, "properties": {"hex_id": "898c104ee07ffff", "kawasan": "Bekasi", "kode_kawasan": "BKS", "diskor": false, "jarak_simpul_m": 586, "menit_jalan": 10, "lat": -6.234240556003049, "lon": 107.00433327241932, "hex_induk": "888c104ee1fffff", "ridership_simpul": 22851756.0}}, {"type": "Feature", "geometry": {"type": "Polygon", "coordinates": [[[107.00422016664024, -6.240736837747059], [107.00380529995452, -6.239004037599795], [107.00203271267645, -6.238568950760691], [107.00067499655744, -6.239866691318036], [107.00108988831762, -6.24159949592828], [107.0028624711228, -6.242034555518839], [107.00422016664024, -6.240736837747059]]]}, "properties": {"hex_id": "898c104eea3ffff", "kawasan": "Bekasi", "kode_kawasan": "BKS", "diskor": false, "jarak_simpul_m": 601, "menit_jalan": 10, "lat": -6.2403017710936926, "lon": 107.00244759478741, "hex_induk": "888c104eebfffff", "ridership_simpul": 22851756.0}}, {"type": "Feature", "geometry": {"type": "Polygon", "coordinates": [[[106.82124822497892, -6.396381749240361], [106.82083203644459, -6.394650717896193], [106.81905788227779, -6.394216371121106], [106.81769992132362, -6.395513082676904], [106.81811613481335, -6.397244118124812], [106.81989028430228, -6.397678437913831], [106.82124822497892, -6.396381749240361]]]}, "properties": {"hex_id": "898c1070543ffff", "kawasan": "Depok Baru", "kode_kawasan": "DPB", "diskor": true, "jarak_simpul_m": 603, "menit_jalan": 10, "lat": -6.395947422557614, "lon": 106.81947408617773, "hex_induk": "888c107055fffff", "ridership_simpul": 22931228.0}}, {"type": "Feature", "geometry": {"type": "Polygon", "coordinates": [[[106.8164000170974, -6.181539640245524], [106.81598350198112, -6.179804462385242], [106.81420806350746, -6.179367855244838], [106.8128491448404, -6.180666452984813], [106.81326568494387, -6.182401635088383], [106.81504111872766, -6.18283821520933], [106.8164000170974, -6.181539640245524]]]}, "properties": {"hex_id": "898c1079967ffff", "kawasan": "Tanah Abang", "kode_kawasan": "TNA", "diskor": false, "jarak_simpul_m": 609, "menit_jalan": 10, "lat": -6.181103053126802, "lon": 106.8146245940093, "hex_induk": "888c107997fffff", "ridership_simpul": 44062572.0}}, {"type": "Feature", "geometry": {"type": "Polygon", "coordinates": [[[106.89640378794664, -6.375682365183519], [106.89598819886966, -6.373951433801288], [106.89421492930164, -6.373517237735135], [106.89285725340349, -6.37481400013761], [106.89327286747805, -6.376544935741356], [106.89504613245364, -6.376979104721752], [106.89640378794664, -6.375682365183519]]]}, "properties": {"hex_id": "898c107362bffff", "kawasan": "Harjamukti", "kode_kawasan": "HJM", "diskor": false, "jarak_simpul_m": 618, "menit_jalan": 10, "lat": -6.375248189261312, "lon": 106.89463053376461, "hex_induk": "888c107363fffff", "ridership_simpul": null}}, {"type": "Feature", "geometry": {"type": "Polygon", "coordinates": [[[106.82045541380272, -6.205392063464438], [106.82003896426288, -6.203657366988344], [106.81826371509516, -6.203221027187887], [106.8169049201522, -6.20451941088456], [106.81732139467753, -6.206254111593321], [106.81909663916078, -6.206690424373389], [106.82045541380272, -6.205392063464438]]]}, "properties": {"hex_id": "898c1078a57ffff", "kawasan": "Dukuh Atas BNI", "kode_kawasan": "DKA", "diskor": false, "jarak_simpul_m": 619, "menit_jalan": 10, "lat": -6.2049557436963605, "lon": 106.81868018001921, "hex_induk": "888c1078a5fffff", "ridership_simpul": null}}, {"type": "Feature", "geometry": {"type": "Polygon", "coordinates": [[[106.81859190804875, -6.183711336376008], [106.8181754141018, -6.181976214340125], [106.8164000170974, -6.181539640245524], [106.81504111872766, -6.18283821520933], [106.81545763766259, -6.184573341490073], [106.81723302997972, -6.185009888562796], [106.81859190804875, -6.183711336376008]]]}, "properties": {"hex_id": "898c1079977ffff", "kawasan": "Tanah Abang", "kode_kawasan": "TNA", "diskor": false, "jarak_simpul_m": 622, "menit_jalan": 10, "lat": -6.183274782305487, "lon": 106.81681652643023, "hex_induk": "888c107997fffff", "ridership_simpul": 44062572.0}}, {"type": "Feature", "geometry": {"type": "Polygon", "coordinates": [[[106.82328245157909, -6.196292588837082], [106.82286601349936, -6.19455773750697], [106.82109075028407, -6.194121316634871], [106.81973192983052, -6.195419774119169], [106.82014839289867, -6.197154629692071], [106.82192365143244, -6.197591023538543], [106.82328245157909, -6.196292588837082]]]}, "properties": {"hex_id": "898c1079987ffff", "kawasan": "Dukuh Atas BNI", "kode_kawasan": "DKA", "diskor": false, "jarak_simpul_m": 625, "menit_jalan": 10, "lat": -6.195856187996694, "lon": 106.82150720374963, "hex_induk": "888c107999fffff", "ridership_simpul": null}}, {"type": "Feature", "geometry": {"type": "Polygon", "coordinates": [[[106.81920604783562, -6.200187866548615], [106.81878958094804, -6.198453062589669], [106.81701428562721, -6.19801666269732], [106.81565546188051, -6.199315093784281], [106.81607195375376, -6.201049901977703], [106.81784724438852, -6.201486274850335], [106.81920604783562, -6.200187866548615]]]}, "properties": {"hex_id": "898c1078a4fffff", "kawasan": "Dukuh Atas BNI", "kode_kawasan": "DKA", "diskor": false, "jarak_simpul_m": 629, "menit_jalan": 10, "lat": -6.1997514866860275, "lon": 106.81743076789921, "hex_induk": "888c1078a5fffff", "ridership_simpul": null}}, {"type": "Feature", "geometry": {"type": "Polygon", "coordinates": [[[106.9986004511201, -6.231202129708219], [106.99818552470481, -6.229469109690819], [106.99641280755243, -6.229033895710066], [106.99505502129539, -6.230331728990529], [106.99546997278381, -6.232064753469703], [106.99724268545661, -6.232499940207285], [106.9986004511201, -6.231202129708219]]]}, "properties": {"hex_id": "898c104ee2fffff", "kawasan": "Bekasi", "kode_kawasan": "BKS", "diskor": false, "jarak_simpul_m": 633, "menit_jalan": 10, "lat": -6.2307669359059386, "lon": 106.99682774939258, "hex_induk": "888c104ee3fffff", "ridership_simpul": 22851756.0}}, {"type": "Feature", "geometry": {"type": "Polygon", "coordinates": [[[106.8286080385013, -6.197601713127068], [106.82819164658136, -6.195866921901183], [106.82641646165084, -6.195430540140974], [106.8250576733161, -6.196728976639506], [106.825474090227, -6.198463772114689], [106.82724927048216, -6.19890012684268], [106.8286080385013, -6.197601713127068]]]}, "properties": {"hex_id": "898c1079993ffff", "kawasan": "Dukuh Atas BNI", "kode_kawasan": "DKA", "diskor": false, "jarak_simpul_m": 633, "menit_jalan": 10, "lat": -6.197165351403123, "lon": 106.82683286895777, "hex_induk": "888c107999fffff", "ridership_simpul": null}}, {"type": "Feature", "geometry": {"type": "Polygon", "coordinates": [[[106.81905788227779, -6.394216371121106], [106.81864167260235, -6.392485283606629], [106.8168674770177, -6.392050903545118], [106.81550949578939, -6.393347637982429], [106.81592573041942, -6.395078729599081], [106.81769992132362, -6.395513082676904], [106.81905788227779, -6.394216371121106]]]}, "properties": {"hex_id": "898c107054fffff", "kawasan": "Depok Baru", "kode_kawasan": "DPB", "diskor": true, "jarak_simpul_m": 640, "menit_jalan": 10, "lat": -6.3937820111495745, "lon": 106.81728370205845, "hex_induk": "888c107055fffff", "ridership_simpul": 22931228.0}}, {"type": "Feature", "geometry": {"type": "Polygon", "coordinates": [[[106.89421492930164, -6.373517237735135], [106.89379931906467, -6.371786250145525], [106.8920260079323, -6.371352020737779], [106.89066831163234, -6.372648806003681], [106.89108394686612, -6.374379797813272], [106.89285725340349, -6.37481400013761], [106.89421492930164, -6.373517237735135]]]}, "properties": {"hex_id": "898c1073293ffff", "kawasan": "Harjamukti", "kode_kawasan": "HJM", "diskor": false, "jarak_simpul_m": 643, "menit_jalan": 10, "lat": -6.373083028468987, "lon": 106.89244163355494, "hex_induk": "888c107329fffff", "ridership_simpul": null}}, {"type": "Feature", "geometry": {"type": "Polygon", "coordinates": [[[106.85459604744209, -6.21541393935663], [106.8541798960581, -6.213679659632762], [106.85240515839907, -6.213243587855133], [106.85104657676955, -6.214541822864293], [106.85146275315515, -6.21627610686137], [106.85323748616912, -6.216712151576727], [106.85459604744209, -6.21541393935663]]]}, "properties": {"hex_id": "898c107830bffff", "kawasan": "Manggarai", "kode_kawasan": "MGR", "diskor": true, "jarak_simpul_m": 650, "menit_jalan": 10, "lat": -6.214977887641071, "lon": 106.85282132517465, "hex_induk": "888c107831fffff", "ridership_simpul": 57517269.0}}, {"type": "Feature", "geometry": {"type": "Polygon", "coordinates": [[[106.82891481875582, -6.205838870328188], [106.82849844036083, -6.204104238202421], [106.82672330626488, -6.203667943586486], [106.82536455523912, -6.204966308128109], [106.82578095862394, -6.206700944497986], [106.82755608804513, -6.207137212082787], [106.82891481875582, -6.205838870328188]]]}, "properties": {"hex_id": "898c1079d37ffff", "kawasan": "Dukuh Atas BNI", "kode_kawasan": "DKA", "diskor": false, "jarak_simpul_m": 654, "menit_jalan": 10, "lat": -6.205402595751352, "lon": 106.8271397000461, "hex_induk": "888c1079d3fffff", "ridership_simpul": null}}, {"type": "Feature", "geometry": {"type": "Polygon", "coordinates": [[[106.90454969599813, -6.367901739522755], [106.90413416460291, -6.366170712654086], [106.90236095983498, -6.365736474905292], [106.90100329104604, -6.367033291123438], [106.90141884744426, -6.368764322230169], [106.90319204762889, -6.369198532881348], [106.90454969599813, -6.367901739522755]]]}, "properties": {"hex_id": "898c1044db7ffff", "kawasan": "Harjamukti", "kode_kawasan": "HJM", "diskor": false, "jarak_simpul_m": 660, "menit_jalan": 10, "lat": -6.367467521921808, "lon": 106.90277650661892, "hex_induk": "888c1044dbfffff", "ridership_simpul": null}}, {"type": "Feature", "geometry": {"type": "Polygon", "coordinates": [[[106.8293958458953, -6.388601426369056], [106.82897971491181, -6.386870299141399], [106.82720562491036, -6.386435910972129], [106.82584767056164, -6.387732677029103], [106.82626382650601, -6.389463808377025], [106.82803791183869, -6.389898169548361], [106.8293958458953, -6.388601426369056]]]}, "properties": {"hex_id": "898c107009bffff", "kawasan": "Depok Baru", "kode_kawasan": "DPB", "diskor": true, "jarak_simpul_m": 667, "menit_jalan": 10, "lat": -6.388167058296026, "lon": 106.82762177126224, "hex_induk": "888c107009fffff", "ridership_simpul": 22931228.0}}, {"type": "Feature", "geometry": {"type": "Polygon", "coordinates": [[[106.90236095983498, -6.365736474905292], [106.90194540727698, -6.364005391834089], [106.90017216092735, -6.363571120743853], [106.89881447172206, -6.364867959820724], [106.8992300492823, -6.366599047128456], [106.90100329104604, -6.367033291123438], [106.90236095983498, -6.365736474905292]]]}, "properties": {"hex_id": "898c1044da7ffff", "kawasan": "Harjamukti", "kode_kawasan": "HJM", "diskor": false, "jarak_simpul_m": 670, "menit_jalan": 10, "lat": -6.365302223960558, "lon": 106.90058772887376, "hex_induk": "888c1044dbfffff", "ridership_simpul": null}}, {"type": "Feature", "geometry": {"type": "Polygon", "coordinates": [[[107.00173087989052, -6.230339498314136], [107.00131597855007, -6.22860648276343], [106.99954329871899, -6.228171274827788], [106.99818552470481, -6.229469109690819], [106.9986004511201, -6.231202129708219], [107.00037312647517, -6.231637310396541], [107.00173087989052, -6.230339498314136]]]}, "properties": {"hex_id": "898c104ee2bffff", "kawasan": "Bekasi", "kode_kawasan": "BKS", "diskor": false, "jarak_simpul_m": 671, "menit_jalan": 10, "lat": -6.229904310559116, "lon": 106.99995821548511, "hex_induk": "888c104ee3fffff", "ridership_simpul": 22851756.0}}, {"type": "Feature", "geometry": {"type": "Polygon", "coordinates": [[[106.85146275315515, -6.21627610686137], [106.85104657676955, -6.214541822864293], [106.8492718022296, -6.214105745027156], [106.84791320872434, -6.215403978245849], [106.84832941010978, -6.217138266511182], [106.85010418000111, -6.217574317290217], [106.85146275315515, -6.21627610686137]]]}, "properties": {"hex_id": "898c107830fffff", "kawasan": "Manggarai", "kode_kawasan": "MGR", "diskor": true, "jarak_simpul_m": 673, "menit_jalan": 10, "lat": -6.2158400490841315, "lon": 106.84968799400595, "hex_induk": "888c107831fffff", "ridership_simpul": 57517269.0}}, {"type": "Feature", "geometry": {"type": "Polygon", "coordinates": [[[106.81043862321731, -6.191502517684004], [106.81002207166188, -6.189767490351493], [106.8082466104982, -6.189330958227655], [106.80688770558685, -6.190629480447018], [106.80730428212479, -6.19236451200775], [106.80907973859205, -6.192801017121566], [106.81043862321731, -6.191502517684004]]]}, "properties": {"hex_id": "898c106a4cbffff", "kawasan": "Tanah Abang", "kode_kawasan": "TNA", "diskor": false, "jarak_simpul_m": 681, "menit_jalan": 10, "lat": -6.191066005580367, "lon": 106.80866317743678, "hex_induk": "888c106a4dfffff", "ridership_simpul": 44062572.0}}, {"type": "Feature", "geometry": {"type": "Polygon", "coordinates": [[[106.8082466104982, -6.189330958227655], [106.80783003777626, -6.18759587506576], [106.80605453516078, -6.187159309895939], [106.80469560996669, -6.188457854896271], [106.80511220767035, -6.190192942284814], [106.80688770558685, -6.190629480447018], [106.8082466104982, -6.189330958227655]]]}, "properties": {"hex_id": "898c106a453ffff", "kawasan": "Tanah Abang", "kode_kawasan": "TNA", "diskor": false, "jarak_simpul_m": 682, "menit_jalan": 10, "lat": -6.188894413075628, "lon": 106.80647112326554, "hex_induk": "888c106a45fffff", "ridership_simpul": 44062572.0}}, {"type": "Feature", "geometry": {"type": "Polygon", "coordinates": [[[106.82657048503648, -6.39768465009267], [106.8261543426014, -6.395953679034518], [106.82438026660921, -6.395519371853727], [106.8230223377243, -6.396816062724334], [106.82343850511731, -6.398547037892685], [106.82521257643778, -6.39898131808087], [106.82657048503648, -6.39768465009267]]]}, "properties": {"hex_id": "898c1070427ffff", "kawasan": "Depok Baru", "kode_kawasan": "DPB", "diskor": true, "jarak_simpul_m": 684, "menit_jalan": 10, "lat": -6.397250363008718, "lon": 106.82479642441109, "hex_induk": "888c107043fffff", "ridership_simpul": 22931228.0}}, {"type": "Feature", "geometry": {"type": "Polygon", "coordinates": [[[106.82264704987276, -6.207563010797005], [106.8222306214999, -6.205828370187965], [106.82045541380272, -6.205392063464438], [106.81909663916078, -6.206690424373389], [106.81951309251994, -6.208425069216652], [106.8212882955352, -6.208861348917378], [106.82264704987276, -6.207563010797005]]]}, "properties": {"hex_id": "898c1078acfffff", "kawasan": "Dukuh Atas BNI", "kode_kawasan": "DKA", "diskor": false, "jarak_simpul_m": 686, "menit_jalan": 10, "lat": -6.207126724108236, "lon": 106.82087185756014, "hex_induk": "888c1078adfffff", "ridership_simpul": null}}, {"type": "Feature", "geometry": {"type": "Polygon", "coordinates": [[[106.82720562491036, -6.386435910972129], [106.82678947278293, -6.384704727578981], [106.82501534134626, -6.384270306123452], [106.8236573667088, -6.385567095057257], [106.8240735437963, -6.387298282569117], [106.82584767056164, -6.387732677029103], [106.82720562491036, -6.386435910972129]]]}, "properties": {"hex_id": "898c107008bffff", "kawasan": "Depok Baru", "kode_kawasan": "DPB", "diskor": true, "jarak_simpul_m": 687, "menit_jalan": 10, "lat": -6.386001509610473, "lon": 106.82543150884175, "hex_induk": "888c107009fffff", "ridership_simpul": 22931228.0}}, {"type": "Feature", "geometry": {"type": "Polygon", "coordinates": [[[106.90172339339003, -6.376984813733015], [106.90130785047332, -6.375253942791619], [106.8995346594583, -6.374819786330351], [106.89817701594676, -6.376116527903424], [106.89859258386359, -6.377847403072763], [106.90036577029231, -6.378281532441743], [106.90172339339003, -6.376984813733015]]]}, "properties": {"hex_id": "898c107360fffff", "kawasan": "Harjamukti", "kode_kawasan": "HJM", "diskor": false, "jarak_simpul_m": 707, "menit_jalan": 10, "lat": -6.376550677420193, "lon": 106.89995021776217, "hex_induk": "888c107361fffff", "ridership_simpul": null}}, {"type": "Feature", "geometry": {"type": "Polygon", "coordinates": [[[106.83079955269402, -6.199772797174295], [106.83038318194387, -6.198038061810523], [106.8286080385013, -6.197601713127068], [106.82724927048216, -6.19890012684268], [106.82766566622408, -6.200634866457319], [106.82944080499384, -6.201071188106135], [106.83079955269402, -6.199772797174295]]]}, "properties": {"hex_id": "898c1079d2bffff", "kawasan": "Dukuh Atas BNI", "kode_kawasan": "DKA", "diskor": false, "jarak_simpul_m": 711, "menit_jalan": 10, "lat": -6.199336468529503, "lon": 106.82902442463877, "hex_induk": "888c1079d3fffff", "ridership_simpul": null}}, {"type": "Feature", "geometry": {"type": "Polygon", "coordinates": [[[106.82014839289867, -6.197154629692071], [106.81973192983052, -6.195419774119169], [106.81795662982461, -6.19498334720536], [106.8165977975724, -6.196281802886569], [106.81701428562721, -6.19801666269732], [106.81878958094804, -6.198453062589669], [106.82014839289867, -6.197154629692071]]]}, "properties": {"hex_id": "898c10799b3ffff", "kawasan": "Dukuh Atas BNI", "kode_kawasan": "DKA", "diskor": false, "jarak_simpul_m": 714, "menit_jalan": 10, "lat": -6.196718222807798, "lon": 106.81837310827773, "hex_induk": "888c10799bfffff", "ridership_simpul": null}}, {"type": "Feature", "geometry": {"type": "Polygon", "coordinates": [[[106.8110736695935, -6.180229839820379], [106.81065710832168, -6.178494601899603], [106.80888159161519, -6.178057955696462], [106.80752264087701, -6.17935657442761], [106.80793922713346, -6.181091816585157], [106.80971473914394, -6.181528435775455], [106.8110736695935, -6.180229839820379]]]}, "properties": {"hex_id": "898c106a683ffff", "kawasan": "Tanah Abang", "kode_kawasan": "TNA", "diskor": false, "jarak_simpul_m": 723, "menit_jalan": 10, "lat": -6.17979321363437, "lon": 106.80929816827141, "hex_induk": "888c106a69fffff", "ridership_simpul": 44062572.0}}, {"type": "Feature", "geometry": {"type": "Polygon", "coordinates": [[[106.83064420419379, -6.393794591608366], [106.83022809053621, -6.392063572604846], [106.82845404663973, -6.391629244726833], [106.82709612106846, -6.392925962851534], [106.82751225968671, -6.394656985973515], [106.829286298916, -6.395091286852981], [106.83064420419379, -6.393794591608366]]]}, "properties": {"hex_id": "898c107042bffff", "kawasan": "Depok Baru", "kode_kawasan": "DPB", "diskor": true, "jarak_simpul_m": 723, "menit_jalan": 10, "lat": -6.393360283829144, "lon": 106.82887017566549, "hex_induk": "888c107043fffff", "ridership_simpul": 22931228.0}}, {"type": "Feature", "geometry": {"type": "Polygon", "coordinates": [[[106.82641646165084, -6.195430540140974], [106.82600004856128, -6.193695693058581], [106.82422482214633, -6.193259278226358], [106.82286601349936, -6.19455773750697], [106.82328245157909, -6.196292588837082], [106.8250576733161, -6.196728976639506], [106.82641646165084, -6.195430540140974]]]}, "properties": {"hex_id": "898c1079983ffff", "kawasan": "Dukuh Atas BNI", "kode_kawasan": "DKA", "diskor": false, "jarak_simpul_m": 727, "menit_jalan": 10, "lat": -6.194994145342621, "lon": 106.82464125062256, "hex_induk": "888c107999fffff", "ridership_simpul": null}}, {"type": "Feature", "geometry": {"type": "Polygon", "coordinates": [[[106.81826371509516, -6.203221027187887], [106.81784724438852, -6.201486274850335], [106.81607195375376, -6.201049901977703], [106.81471313851318, -6.20234830846123], [106.81512963420452, -6.204083065029887], [106.8169049201522, -6.20451941088456], [106.81826371509516, -6.203221027187887]]]}, "properties": {"hex_id": "898c1078a47ffff", "kawasan": "Dukuh Atas BNI", "kode_kawasan": "DKA", "diskor": false, "jarak_simpul_m": 728, "menit_jalan": 10, "lat": -6.202784674345231, "lon": 106.8164884398443, "hex_induk": "888c1078a5fffff", "ridership_simpul": null}}, {"type": "Feature", "geometry": {"type": "Polygon", "coordinates": [[[106.99577198166479, -6.240294238422098], [106.9953570436325, -6.238561373265595], [106.99358433992185, -6.238126241009048], [106.99222657872654, -6.239424001147522], [106.99264154182906, -6.241156870755632], [106.99441424105713, -6.241591975774305], [106.99577198166479, -6.240294238422098]]]}, "properties": {"hex_id": "898c104e8c3ffff", "kawasan": "Bekasi", "kode_kawasan": "BKS", "diskor": false, "jarak_simpul_m": 733, "menit_jalan": 10, "lat": -6.239859126344645, "lon": 106.99399929337744, "hex_induk": "888c104e8dfffff", "ridership_simpul": 22851756.0}}, {"type": "Feature", "geometry": {"type": "Polygon", "coordinates": [[[106.9057962555407, -6.373094603772542], [106.90538074146694, -6.371363685084293], [106.90360758286496, -6.370929507781598], [106.90224994291893, -6.372226276266003], [106.9026654819955, -6.373957199190491], [106.90443863601574, -6.37439134939498], [106.9057962555407, -6.373094603772542]]]}, "properties": {"hex_id": "898c1073647ffff", "kawasan": "Harjamukti", "kode_kawasan": "HJM", "diskor": false, "jarak_simpul_m": 735, "menit_jalan": 10, "lat": -6.372660446620233, "lon": 106.90402311232722, "hex_induk": "888c107365fffff", "ridership_simpul": null}}, {"type": "Feature", "geometry": {"type": "Polygon", "coordinates": [[[106.99452715024022, -6.235095535241553], [106.99411219488005, -6.233362562378663], [106.99233944489917, -6.232927369589975], [106.99098165476302, -6.234225176902071], [106.99139663519361, -6.23595815421842], [106.99316938069036, -6.236393319769856], [106.99452715024022, -6.235095535241553]]]}, "properties": {"hex_id": "898c104e853ffff", "kawasan": "Bekasi", "kode_kawasan": "BKS", "diskor": false, "jarak_simpul_m": 737, "menit_jalan": 10, "lat": -6.234660362629387, "lon": 106.99275441568281, "hex_induk": "888c104e85fffff", "ridership_simpul": 22851756.0}}, {"type": "Feature", "geometry": {"type": "Polygon", "coordinates": [[[106.82343850511731, -6.398547037892685], [106.8230223377243, -6.396816062724334], [106.82124822497892, -6.396381749240361], [106.81989028430228, -6.397678437913831], [106.82030647665148, -6.399409417187452], [106.8220805847216, -6.399843703682991], [106.82343850511731, -6.398547037892685]]]}, "properties": {"hex_id": "898c1070553ffff", "kawasan": "Depok Baru", "kode_kawasan": "DPB", "diskor": true, "jarak_simpul_m": 743, "menit_jalan": 10, "lat": -6.398112744503387, "lon": 106.82166440773788, "hex_induk": "888c107055fffff", "ridership_simpul": 22931228.0}}, {"type": "Feature", "geometry": {"type": "Polygon", "coordinates": [[[106.85742333943362, -6.206316161231891], [106.85700719954015, -6.204581726629996], [106.8552324479519, -6.20414557365502], [106.8538738408997, -6.205443882350131], [106.85429000579772, -6.207178321235371], [106.85606475274386, -6.207614447142813], [106.85742333943362, -6.206316161231891]]]}, "properties": {"hex_id": "898c1079cb3ffff", "kawasan": "Manggarai", "kode_kawasan": "MGR", "diskor": true, "jarak_simpul_m": 752, "menit_jalan": 10, "lat": -6.2058800283183295, "lon": 106.85564860323858, "hex_induk": "888c1079cbfffff", "ridership_simpul": 57517269.0}}, {"type": "Feature", "geometry": {"type": "Polygon", "coordinates": [[[106.81984135519015, -6.188916487653057], [106.81942487859284, -6.187181473034824], [106.81764952774593, -6.186744959015092], [106.8162906581825, -6.188043486636781], [106.81670715976762, -6.189778505498052], [106.81848250592883, -6.190214992495244], [106.81984135519015, -6.188916487653057]]]}, "properties": {"hex_id": "898c1079907ffff", "kawasan": "Tanah Abang", "kode_kawasan": "TNA", "diskor": false, "jarak_simpul_m": 754, "menit_jalan": 10, "lat": -6.188479993660024, "lon": 106.81806601972895, "hex_induk": "888c107991fffff", "ridership_simpul": 44062572.0}}, {"type": "Feature", "geometry": {"type": "Polygon", "coordinates": [[[106.99795956041872, -6.242462146447362], [106.99754464358581, -6.240729337379084], [106.99577198166479, -6.240294238422098], [106.99441424105713, -6.241591975774305], [106.99482918296104, -6.243324789295718], [106.99660184040206, -6.243759861012452], [106.99795956041872, -6.242462146447362]]]}, "properties": {"hex_id": "898c104e8d3ffff", "kawasan": "Bekasi", "kode_kawasan": "BKS", "diskor": false, "jarak_simpul_m": 763, "menit_jalan": 10, "lat": -6.242027067671826, "lon": 106.99618691392129, "hex_induk": "888c104e8dfffff", "ridership_simpul": 22851756.0}}, {"type": "Feature", "geometry": {"type": "Polygon", "coordinates": [[[106.8069968749819, -6.184125601323861], [106.80658028490936, -6.182390410748547], [106.80480473614504, -6.18195378553057], [106.8034457821543, -6.183252377895495], [106.80386239720873, -6.184987572699264], [106.8056379412725, -6.185424170910303], [106.8069968749819, -6.184125601323861]]]}, "properties": {"hex_id": "898c106a44bffff", "kawasan": "Tanah Abang", "kode_kawasan": "TNA", "diskor": false, "jarak_simpul_m": 764, "menit_jalan": 10, "lat": -6.183688996121065, "lon": 106.8052213416006, "hex_induk": "888c106a45fffff", "ridership_simpul": 44062572.0}}, {"type": "Feature", "geometry": {"type": "Polygon", "coordinates": [[[106.89859258386359, -6.377847403072763], [106.89817701594676, -6.376116527903424], [106.89640378794664, -6.375682365183519], [106.89504613245364, -6.376979104721752], [106.89546172536883, -6.378709984114151], [106.89723494877911, -6.379144119745916], [106.89859258386359, -6.377847403072763]]]}, "properties": {"hex_id": "898c107363bffff", "kawasan": "Harjamukti", "kode_kawasan": "HJM", "diskor": false, "jarak_simpul_m": 764, "menit_jalan": 10, "lat": -6.377413260499162, "lon": 106.89681937124976, "hex_induk": "888c107363fffff", "ridership_simpul": null}}, {"type": "Feature", "geometry": {"type": "Polygon", "coordinates": [[[106.85867172442663, -6.211519249990046], [106.85825560187679, -6.209784922914258], [106.85648089646789, -6.209348830126118], [106.85512231824977, -6.210647091482594], [106.85553846580395, -6.212381422839887], [106.85731316657235, -6.21281748855984], [106.85867172442663, -6.211519249990046]]]}, "properties": {"hex_id": "898c1078343ffff", "kawasan": "Manggarai", "kode_kawasan": "MGR", "diskor": true, "jarak_simpul_m": 765, "menit_jalan": 10, "lat": -6.211083177265905, "lon": 106.8568970344107, "hex_induk": "888c107835fffff", "ridership_simpul": 57517269.0}}, {"type": "Feature", "geometry": {"type": "Polygon", "coordinates": [[[106.81420806350746, -6.179367855244838], [106.81379152722205, -6.177632621565779], [106.8120160472827, -6.177195981384328], [106.81065710832168, -6.178494601899603], [106.8110736695935, -6.180229839820379], [106.8128491448404, -6.180666452984813], [106.81420806350746, -6.179367855244838]]]}, "properties": {"hex_id": "898c106a69bffff", "kawasan": "Tanah Abang", "kode_kawasan": "TNA", "diskor": false, "jarak_simpul_m": 767, "menit_jalan": 10, "lat": -6.1789312350826755, "lon": 106.81243259895336, "hex_induk": "888c106a69fffff", "ridership_simpul": 44062572.0}}, {"type": "Feature", "geometry": {"type": "Polygon", "coordinates": [[[106.81576480411405, -6.192811975808294], [106.81534829871039, -6.19107700854547], [106.81357291577079, -6.190640515511242], [106.81221404292558, -6.191939016757114], [106.81263057331432, -6.193673988254659], [106.81440595156367, -6.194110454272264], [106.81576480411405, -6.192811975808294]]]}, "properties": {"hex_id": "898c10799afffff", "kawasan": "Tanah Abang", "kode_kawasan": "TNA", "diskor": false, "jarak_simpul_m": 770, "menit_jalan": 10, "lat": -6.192375502798819, "lon": 106.81398943655878, "hex_induk": "888c10799bfffff", "ridership_simpul": 44062572.0}}, {"type": "Feature", "geometry": {"type": "Polygon", "coordinates": [[[106.8552324479519, -6.20414557365502], [106.8548162868838, -6.202411083155221], [106.85304149375928, -6.201974897068108], [106.85168286634797, -6.203273228546556], [106.85209905241983, -6.205007723328142], [106.8538738408997, -6.205443882350131], [106.8552324479519, -6.20414557365502]]]}, "properties": {"hex_id": "898c1079ca3ffff", "kawasan": "Manggarai", "kode_kawasan": "MGR", "diskor": true, "jarak_simpul_m": 772, "menit_jalan": 10, "lat": -6.203709407626926, "lon": 106.85345767022024, "hex_induk": "888c1079cbfffff", "ridership_simpul": 57517269.0}}, {"type": "Feature", "geometry": {"type": "Polygon", "coordinates": [[[106.84583211507686, -6.206731999215677], [106.84541587900279, -6.204997495885348], [106.84364097525078, -6.204561291658657], [106.84228231222865, -6.205859617815573], [106.84269857330119, -6.207594125412873], [106.84447347239784, -6.208030302586939], [106.84583211507686, -6.206731999215677]]]}, "properties": {"hex_id": "898c1079dd7ffff", "kawasan": "Manggarai", "kode_kawasan": "MGR", "diskor": true, "jarak_simpul_m": 773, "menit_jalan": 10, "lat": -6.206295815041513, "lon": 106.84405722671515, "hex_induk": "888c1079ddfffff", "ridership_simpul": 57517269.0}}, {"type": "Feature", "geometry": {"type": "Polygon", "coordinates": [[[106.84488971229888, -6.209764754292572], [106.84447347239784, -6.208030302586939], [106.84269857330119, -6.207594125412873], [106.8413399187624, -6.208892426995967], [106.84175618366095, -6.210626882965202], [106.84353107810125, -6.211063033088389], [106.84488971229888, -6.209764754292572]]]}, "properties": {"hex_id": "898c1079d9bffff", "kawasan": "Manggarai", "kode_kawasan": "MGR", "diskor": true, "jarak_simpul_m": 774, "menit_jalan": 10, "lat": -6.2093285971712655, "lon": 106.84311482859202, "hex_induk": "888c1079d9fffff", "ridership_simpul": 57517269.0}}, {"type": "Feature", "geometry": {"type": "Polygon", "coordinates": [[[106.8929680812684, -6.368324166785251], [106.89255245370896, -6.36659307101918], [106.89077909641917, -6.366158781191727], [106.88942137128586, -6.367455614213774], [106.8898370238423, -6.369186714201628], [106.89161037653551, -6.369620976946296], [106.8929680812684, -6.368324166785251]]]}, "properties": {"hex_id": "898c107328bffff", "kawasan": "Harjamukti", "kode_kawasan": "HJM", "diskor": false, "jarak_simpul_m": 779, "menit_jalan": 10, "lat": -6.367889897096835, "lon": 106.8911947393645, "hex_induk": "888c107329fffff", "ridership_simpul": null}}, {"type": "Feature", "geometry": {"type": "Polygon", "coordinates": [[[106.99546997278381, -6.232064753469703], [106.99505502129539, -6.230331728990529], [106.99328226683134, -6.229896508962817], [106.99192446833935, -6.23119434065395], [106.99233944489917, -6.232927369589975], [106.99411219488005, -6.233362562378663], [106.99546997278381, -6.232064753469703]]]}, "properties": {"hex_id": "898c104e85bffff", "kawasan": "Bekasi", "kode_kawasan": "BKS", "diskor": false, "jarak_simpul_m": 780, "menit_jalan": 10, "lat": -6.231629553618316, "lon": 106.9936972337438, "hex_induk": "888c104e85fffff", "ridership_simpul": 22851756.0}}, {"type": "Feature", "geometry": {"type": "Polygon", "coordinates": [[[106.89704118838274, -6.36443368248661], [106.89662558966072, -6.362702538983389], [106.8948522647493, -6.362268228314803], [106.89349454315243, -6.363565088238804], [106.89391016687416, -6.365296235972102], [106.89568348719355, -6.365730519551961], [106.89704118838274, -6.36443368248661]]]}, "properties": {"hex_id": "898c10732c3ffff", "kawasan": "Harjamukti", "kode_kawasan": "HJM", "diskor": false, "jarak_simpul_m": 782, "menit_jalan": 10, "lat": -6.363999391959023, "lon": 106.89526787885859, "hex_induk": "888c10732dfffff", "ridership_simpul": null}}, {"type": "Feature", "geometry": {"type": "Polygon", "coordinates": [[[106.8178092359247, -6.389023000352973], [106.81739300892235, -6.387291804618409], [106.81561876724138, -6.386857364292071], [106.81426075724522, -6.388154146684045], [106.81467700920237, -6.389885346522601], [106.81645124620131, -6.390319759865847], [106.8178092359247, -6.389023000352973]]]}, "properties": {"hex_id": "898c10700a3ffff", "kawasan": "Depok Baru", "kode_kawasan": "DPB", "diskor": true, "jarak_simpul_m": 794, "menit_jalan": 10, "lat": -6.388588580114065, "lon": 106.81603500960924, "hex_induk": "888c10700bfffff", "ridership_simpul": 22931228.0}}, {"type": "Feature", "geometry": {"type": "Polygon", "coordinates": [[[106.82078373635777, -6.185882943625908], [106.82036726358034, -6.18414787742003], [106.81859190804875, -6.183711336376008], [106.81723302997972, -6.185009888562796], [106.81764952774593, -6.186744959015092], [106.81942487859284, -6.187181473034824], [106.82078373635777, -6.185882943625908]]]}, "properties": {"hex_id": "898c107990fffff", "kawasan": "Tanah Abang", "kode_kawasan": "TNA", "diskor": false, "jarak_simpul_m": 798, "menit_jalan": 10, "lat": -6.1854464226083525, "lon": 106.81900839621238, "hex_induk": "888c107991fffff", "ridership_simpul": 44062572.0}}, {"type": "Feature", "geometry": {"type": "Polygon", "coordinates": [[[107.00735039536904, -6.239874171912321], [107.00693555375953, -6.238141376232947], [107.00516300381739, -6.237706295450006], [107.00380529995452, -6.239004037599795], [107.00422016664024, -6.240736837747059], [107.00599271211306, -6.241171891277305], [107.00735039536904, -6.239874171912321]]]}, "properties": {"hex_id": "898c104eebbffff", "kawasan": "Bekasi", "kode_kawasan": "BKS", "diskor": false, "jarak_simpul_m": 798, "menit_jalan": 10, "lat": -6.239439111317279, "lon": 107.00557786085298, "hex_induk": "888c104eebfffff", "ridership_simpul": 22851756.0}}, {"type": "Feature", "geometry": {"type": "Polygon", "coordinates": [[[107.00829324535835, -6.236843632497499], [107.00787840762432, -6.2351107851966], [107.00610585321385, -6.234675677159204], [107.00474814100619, -6.235973443677827], [107.00516300381739, -6.237706295450006], [107.00693555375953, -6.238141376232947], [107.00829324535835, -6.236843632497499]]]}, "properties": {"hex_id": "898c104ee17ffff", "kawasan": "Bekasi", "kode_kawasan": "BKS", "diskor": false, "jarak_simpul_m": 800, "menit_jalan": 15, "lat": -6.236408544647791, "lon": 107.00652070637449, "hex_induk": "888c104ee1fffff", "ridership_simpul": 22851756.0}}, {"type": "Feature", "geometry": {"type": "Polygon", "coordinates": [[[106.82970241639137, -6.396822253796039], [106.829286298916, -6.395091286852981], [106.82751225968671, -6.394656985973515], [106.8261543426014, -6.395953679034518], [106.82657048503648, -6.39768465009267], [106.82834451959761, -6.398118923975373], [106.82970241639137, -6.396822253796039]]]}, "properties": {"hex_id": "898c1070423ffff", "kawasan": "Depok Baru", "kode_kawasan": "DPB", "diskor": true, "jarak_simpul_m": 801, "menit_jalan": 15, "lat": -6.396387973015563, "lon": 106.82792839252973, "hex_induk": "888c107043fffff", "ridership_simpul": 22931228.0}}, {"type": "Feature", "geometry": {"type": "Polygon", "coordinates": [[[106.82188319851434, -6.385132667313314], [106.82146700028389, -6.383401423643033], [106.81969279066386, -6.382966962619816], [106.81833478395221, -6.384263772256523], [106.8187510071402, -6.385995020039063], [106.82052521208274, -6.386429454073269], [106.82188319851434, -6.385132667313314]]]}, "properties": {"hex_id": "898c1070017ffff", "kawasan": "Depok Baru", "kode_kawasan": "DPB", "diskor": true, "jarak_simpul_m": 805, "menit_jalan": 15, "lat": -6.384698226379466, "lon": 106.8201090042612, "hex_induk": "888c107001fffff", "ridership_simpul": 22931228.0}}, {"type": "Feature", "geometry": {"type": "Polygon", "coordinates": [[[106.85772929295298, -6.214551764005587], [106.85731316657235, -6.21281748855984], [106.85553846580395, -6.212381422839887], [106.8541798960581, -6.213679659632762], [106.85459604744209, -6.21541393935663], [106.856370743569, -6.21584997801015], [106.85772929295298, -6.214551764005587]]]}, "properties": {"hex_id": "898c1078357ffff", "kawasan": "Manggarai", "kode_kawasan": "MGR", "diskor": true, "jarak_simpul_m": 806, "menit_jalan": 15, "lat": -6.214115718349865, "lon": 106.855954607577, "hex_induk": "888c107835fffff", "ridership_simpul": 57517269.0}}, {"type": "Feature", "geometry": {"type": "Polygon", "coordinates": [[[106.83158600429738, -6.390766852304041], [106.83116989445797, -6.389035781247382], [106.8293958458953, -6.388601426369056], [106.82803791183869, -6.389898169548361], [106.82845404663973, -6.391629244726833], [106.83022809053621, -6.392063572604846], [106.83158600429738, -6.390766852304041]]]}, "properties": {"hex_id": "898c1070467ffff", "kawasan": "Depok Baru", "kode_kawasan": "DPB", "diskor": true, "jarak_simpul_m": 807, "menit_jalan": 15, "lat": -6.390332517524306, "lon": 106.82981197110341, "hex_induk": "888c107047fffff", "ridership_simpul": 22931228.0}}, {"type": "Feature", "geometry": {"type": "Polygon", "coordinates": [[[106.90673836941313, -6.370066914586092], [106.90632285918086, -6.368335943925449], [106.90454969599813, -6.367901739522755], [106.90319204762889, -6.369198532881348], [106.90360758286496, -6.370929507781598], [106.90538074146694, -6.371363685084293], [106.90673836941313, -6.370066914586092]]]}, "properties": {"hex_id": "898c107364fffff", "kawasan": "Harjamukti", "kode_kawasan": "HJM", "diskor": false, "jarak_simpul_m": 810, "menit_jalan": 15, "lat": -6.369632730333585, "lon": 106.90496522161943, "hex_induk": "888c107365fffff", "ridership_simpul": null}}, {"type": "Feature", "geometry": {"type": "Polygon", "coordinates": [[[106.90485415393061, -6.376122216103509], [106.90443863601574, -6.37439134939498], [106.9026654819955, -6.373957199190491], [106.90130785047332, -6.375253942791619], [106.90172339339003, -6.376984813733015], [106.90349654282754, -6.377418936841065], [106.90485415393061, -6.376122216103509]]]}, "properties": {"hex_id": "898c107360bffff", "kawasan": "Harjamukti", "kode_kawasan": "HJM", "diskor": false, "jarak_simpul_m": 821, "menit_jalan": 15, "lat": -6.375688086049611, "lon": 106.90308101529835, "hex_induk": "888c107361fffff", "ridership_simpul": null}}, {"type": "Feature", "geometry": {"type": "Polygon", "coordinates": [[[106.84613839731313, -6.214967894347361], [106.84572217475646, -6.21323355017512], [106.84394732182895, -6.212797433161916], [106.84258869611331, -6.214095687373117], [106.84300494366727, -6.215830035807112], [106.84477979194004, -6.216266125768797], [106.84613839731313, -6.214967894347361]]]}, "properties": {"hex_id": "898c107832bffff", "kawasan": "Manggarai", "kode_kawasan": "MGR", "diskor": true, "jarak_simpul_m": 824, "menit_jalan": 15, "lat": -6.214531797389494, "lon": 106.84436355977518, "hex_induk": "888c107833fffff", "ridership_simpul": 57517269.0}}, {"type": "Feature", "geometry": {"type": "Polygon", "coordinates": [[[106.8920260079323, -6.371352020737779], [106.89161037653551, -6.369620976946296], [106.8898370238423, -6.369186714201628], [106.88847930714388, -6.370483522330122], [106.88889496353667, -6.372214570340038], [106.89066831163234, -6.372648806003681], [106.8920260079323, -6.371352020737779]]]}, "properties": {"hex_id": "898c1073283ffff", "kawasan": "Harjamukti", "kode_kawasan": "HJM", "diskor": false, "jarak_simpul_m": 824, "menit_jalan": 15, "lat": -6.370917778132376, "lon": 106.89025267062443, "hex_induk": "888c107329fffff", "ridership_simpul": null}}, {"type": "Feature", "geometry": {"type": "Polygon", "coordinates": [[[106.8168674770177, -6.392050903545118], [106.81645124620131, -6.390319759865847], [106.81467700920237, -6.389885346522601], [106.81331900770326, -6.391182103840571], [106.81373526347343, -6.392913251620476], [106.81550949578939, -6.393347637982429], [106.8168674770177, -6.392050903545118]]]}, "properties": {"hex_id": "898c10700b7ffff", "kawasan": "Depok Baru", "kode_kawasan": "DPB", "diskor": true, "jarak_simpul_m": 830, "menit_jalan": 15, "lat": -6.391616510289494, "lon": 106.81509325538373, "hex_induk": "888c10700bfffff", "ridership_simpul": 22931228.0}}, {"type": "Feature", "geometry": {"type": "Polygon", "coordinates": [[[106.90017216092735, -6.363571120743853], [106.89975658720677, -6.361839981475618], [106.89798329927899, -6.361405677048627], [106.89662558966072, -6.362702538983389], [106.89704118838274, -6.36443368248661], [106.89881447172206, -6.364867959820724], [106.90017216092735, -6.363571120743853]]]}, "properties": {"hex_id": "898c10732dbffff", "kawasan": "Harjamukti", "kode_kawasan": "HJM", "diskor": false, "jarak_simpul_m": 833, "menit_jalan": 15, "lat": -6.36313683646001, "lon": 106.89839888838766, "hex_induk": "888c10732dfffff", "ridership_simpul": null}}, {"type": "Feature", "geometry": {"type": "Polygon", "coordinates": [[[106.81263057331432, -6.193673988254659], [106.81221404292558, -6.191939016757114], [106.81043862321731, -6.191502517684004], [106.80907973859205, -6.192801017121566], [106.80949629396409, -6.194535992848888], [106.81127170897855, -6.194972464909531], [106.81263057331432, -6.193673988254659]]]}, "properties": {"hex_id": "898c106a4dbffff", "kawasan": "Tanah Abang", "kode_kawasan": "TNA", "diskor": false, "jarak_simpul_m": 834, "menit_jalan": 15, "lat": -6.193237509204143, "lon": 106.8108551689895, "hex_induk": "888c106a4dfffff", "ridership_simpul": 44062572.0}}, {"type": "Feature", "geometry": {"type": "Polygon", "coordinates": [[[106.80605453516078, -6.187159309895939], [106.8056379412725, -6.185424170910303], [106.80386239720873, -6.184987572699264], [106.80250345173529, -6.186286140479708], [106.80292007060449, -6.188021283690426], [106.80469560996669, -6.188457854896271], [106.80605453516078, -6.187159309895939]]]}, "properties": {"hex_id": "898c106a443ffff", "kawasan": "Tanah Abang", "kode_kawasan": "TNA", "diskor": false, "jarak_simpul_m": 838, "menit_jalan": 15, "lat": -6.18672273170031, "lon": 106.80427900647952, "hex_induk": "888c106a45fffff", "ridership_simpul": 44062572.0}}, {"type": "Feature", "geometry": {"type": "Polygon", "coordinates": [[[107.00704871482937, -6.231644982891216], [107.00663385976827, -6.229912027891396], [107.00486125907752, -6.229476859296062], [107.00350351791822, -6.230774672955051], [107.00391839805668, -6.232507632428011], [107.00569099427753, -6.232942773769505], [107.00704871482937, -6.231644982891216]]]}, "properties": {"hex_id": "898c104ee0fffff", "kawasan": "Bekasi", "kode_kawasan": "BKS", "diskor": false, "jarak_simpul_m": 842, "menit_jalan": 15, "lat": -6.231209834481012, "lon": 107.00527612956544, "hex_induk": "888c104ee1fffff", "ridership_simpul": 22851756.0}}, {"type": "Feature", "geometry": {"type": "Polygon", "coordinates": [[[106.80793922713346, -6.181091816585157], [106.80752264087701, -6.17935657442761], [106.80574708741312, -6.178919922200954], [106.80438812490571, -6.180218539141184], [106.80480473614504, -6.18195378553057], [106.80658028490936, -6.182390410748547], [106.80793922713346, -6.181091816585157]]]}, "properties": {"hex_id": "898c106a687ffff", "kawasan": "Tanah Abang", "kode_kawasan": "TNA", "diskor": false, "jarak_simpul_m": 846, "menit_jalan": 15, "lat": -6.1806551843734585, "lon": 106.80616368905312, "hex_induk": "888c106a69fffff", "ridership_simpul": 44062572.0}}, {"type": "Feature", "geometry": {"type": "Polygon", "coordinates": [[[106.84990803633794, -6.202837036414754], [106.84949182909241, -6.201102485742421], [106.84771695755575, -6.200666260505552], [106.84635829791586, -6.201964613000194], [106.84677453016256, -6.203699167947813], [106.84854939704843, -6.204135366126132], [106.84990803633794, -6.202837036414754]]]}, "properties": {"hex_id": "898c1079ddbffff", "kawasan": "Manggarai", "kode_kawasan": "MGR", "diskor": true, "jarak_simpul_m": 851, "menit_jalan": 15, "lat": -6.202400831232355, "lon": 106.84813318019296, "hex_induk": "888c1079ddfffff", "ridership_simpul": 57517269.0}}, {"type": "Feature", "geometry": {"type": "Polygon", "coordinates": [[[106.99358433992185, -6.238126241009048], [106.99316938069036, -6.236393319769856], [106.99139663519361, -6.23595815421842], [106.99003885341396, -6.237255937142313], [106.99045383771494, -6.238988862831579], [106.99222657872654, -6.239424001147522], [106.99358433992185, -6.238126241009048]]]}, "properties": {"hex_id": "898c104e8cfffff", "kawasan": "Bekasi", "kode_kawasan": "BKS", "diskor": false, "jarak_simpul_m": 851, "menit_jalan": 15, "lat": -6.237691095634342, "lon": 106.99181160984809, "hex_induk": "888c104e8dfffff", "ridership_simpul": 22851756.0}}, {"type": "Feature", "geometry": {"type": "Polygon", "coordinates": [[[106.82501534134626, -6.384270306123452], [106.8245991680751, -6.382539066570347], [106.82282499520672, -6.382104611833225], [106.82146700028389, -6.383401423643033], [106.82188319851434, -6.385132667313314], [106.8236573667088, -6.385567095057257], [106.82501534134626, -6.384270306123452]]]}, "properties": {"hex_id": "898c1070013ffff", "kawasan": "Depok Baru", "kode_kawasan": "DPB", "diskor": true, "jarak_simpul_m": 855, "menit_jalan": 15, "lat": -6.383835871477854, "lon": 106.82324118384562, "hex_induk": "888c107001fffff", "ridership_simpul": 22931228.0}}, {"type": "Feature", "geometry": {"type": "Polygon", "coordinates": [[[107.00327734168266, -6.243767304033789], [107.0028624711228, -6.242034555518839], [107.00108988831762, -6.24159949592828], [106.99973218054663, -6.242897212100088], [107.00014707617999, -6.244629965074615], [107.0019196545113, -6.245064997418402], [107.00327734168266, -6.243767304033789]]]}, "properties": {"hex_id": "898c104eeb7ffff", "kawasan": "Bekasi", "kode_kawasan": "BKS", "diskor": false, "jarak_simpul_m": 862, "menit_jalan": 15, "lat": -6.24333226462917, "lon": 107.0015047743022, "hex_induk": "888c104eebfffff", "ridership_simpul": 22851756.0}}, {"type": "Feature", "geometry": {"type": "Polygon", "coordinates": [[[106.84832941010978, -6.217138266511182], [106.84791320872434, -6.215403978245849], [106.84613839731313, -6.214967894347361], [106.84477979194004, -6.216266125768797], [106.84519601832359, -6.218000418297465], [106.8469708250826, -6.218436475142008], [106.84832941010978, -6.217138266511182]]]}, "properties": {"hex_id": "898c107833bffff", "kawasan": "Manggarai", "kode_kawasan": "MGR", "diskor": true, "jarak_simpul_m": 862, "menit_jalan": 15, "lat": -6.216702202670427, "lon": 106.84655461408848, "hex_induk": "888c107833fffff", "ridership_simpul": 57517269.0}}, {"type": "Feature", "geometry": {"type": "Polygon", "coordinates": [[[106.81889898634567, -6.191949955518409], [106.81848250592883, -6.190214992495244], [106.81670715976762, -6.189778505498052], [106.81534829871039, -6.19107700854547], [106.81576480411405, -6.192811975808294], [106.8175401455886, -6.193248435784693], [106.81889898634567, -6.191949955518409]]]}, "properties": {"hex_id": "898c10799abffff", "kawasan": "Tanah Abang", "kode_kawasan": "TNA", "diskor": false, "jarak_simpul_m": 866, "menit_jalan": 15, "lat": -6.19151348854814, "lon": 106.81712365556963, "hex_induk": "888c10799bfffff", "ridership_simpul": 44062572.0}}, {"type": "Feature", "geometry": {"type": "Polygon", "coordinates": [[[107.00486125907752, -6.229476859296062], [107.0044463828137, -6.227743848216973], [107.00267374031351, -6.227308646324611], [107.00131597855007, -6.22860648276343], [107.00173087989052, -6.230339498314136], [107.00350351791822, -6.230774672955051], [107.00486125907752, -6.229476859296062]]]}, "properties": {"hex_id": "898c104ee77ffff", "kawasan": "Bekasi", "kode_kawasan": "BKS", "diskor": false, "jarak_simpul_m": 870, "menit_jalan": 15, "lat": -6.22904167758647, "lon": 107.00308863200385, "hex_induk": "888c104ee7fffff", "ridership_simpul": 22851756.0}}, {"type": "Feature", "geometry": {"type": "Polygon", "coordinates": [[[106.82797247026197, -6.208871792578428], [106.82755608804513, -6.207137212082787], [106.82578095862394, -6.206700944497986], [106.82442221609583, -6.207999284438851], [106.82483862330153, -6.209733869175222], [106.82661374804695, -6.210170109730639], [106.82797247026197, -6.208871792578428]]]}, "properties": {"hex_id": "898c1078adbffff", "kawasan": "Dukuh Atas BNI", "kode_kawasan": "DKA", "diskor": false, "jarak_simpul_m": 873, "menit_jalan": 15, "lat": -6.208435545032938, "lon": 106.82619735622653, "hex_induk": "888c1078adfffff", "ridership_simpul": null}}, {"type": "Feature", "geometry": {"type": "Polygon", "coordinates": [[[106.85961416820074, -6.208486659788395], [106.85919804948205, -6.206752281089985], [106.85742333943362, -6.206316161231891], [106.85606475274386, -6.207614447142813], [106.85648089646789, -6.209348830126118], [106.85825560187679, -6.209784922914258], [106.85961416820074, -6.208486659788395]]]}, "properties": {"hex_id": "898c107834bffff", "kawasan": "Manggarai", "kode_kawasan": "MGR", "diskor": true, "jarak_simpul_m": 877, "menit_jalan": 15, "lat": -6.208050559994097, "lon": 106.85783947354582, "hex_induk": "888c107835fffff", "ridership_simpul": 57517269.0}}, {"type": "Feature", "geometry": {"type": "Polygon", "coordinates": [[[106.89391016687416, -6.365296235972102], [106.89349454315243, -6.363565088238804], [106.89172118126707, -6.363130771326762], [106.89036344769947, -6.364427629233255], [106.89077909641917, -6.366158781191727], [106.89255245370896, -6.36659307101918], [106.89391016687416, -6.365296235972102]]]}, "properties": {"hex_id": "898c10732c7ffff", "kawasan": "Harjamukti", "kode_kawasan": "HJM", "diskor": false, "jarak_simpul_m": 886, "menit_jalan": 15, "lat": -6.364861939198927, "lon": 106.8921368203752, "hex_induk": "888c10732dfffff", "ridership_simpul": null}}, {"type": "Feature", "geometry": {"type": "Polygon", "coordinates": [[[106.82483862330153, -6.209733869175222], [106.82442221609583, -6.207999284438851], [106.82264704987276, -6.207563010797005], [106.8212882955352, -6.208861348917378], [106.82170472772798, -6.210595937889532], [106.82347988927171, -6.211032184506175], [106.82483862330153, -6.209733869175222]]]}, "properties": {"hex_id": "898c1078ac3ffff", "kawasan": "Dukuh Atas BNI", "kode_kawasan": "DKA", "diskor": false, "jarak_simpul_m": 889, "menit_jalan": 15, "lat": -6.209297615570516, "lon": 106.82306347246335, "hex_induk": "888c1078adfffff", "ridership_simpul": null}}, {"type": "Feature", "geometry": {"type": "Polygon", "coordinates": [[[106.83204863025082, -6.204976788296245], [106.83163227684743, -6.203242160419516], [106.82985717956659, -6.202805871854618], [106.82849844036083, -6.204104238202421], [106.82891481875582, -6.205838870328188], [106.83068991136544, -6.20627513185778], [106.83204863025082, -6.204976788296245]]]}, "properties": {"hex_id": "898c1079d33ffff", "kawasan": "Dukuh Atas BNI", "kode_kawasan": "DKA", "diskor": false, "jarak_simpul_m": 891, "menit_jalan": 15, "lat": -6.204540519772612, "lon": 106.8302735483571, "hex_induk": "888c1079d3fffff", "ridership_simpul": null}}, {"type": "Feature", "geometry": {"type": "Polygon", "coordinates": [[[106.81953430067577, -6.180677637597409], [106.81911781054846, -6.178942463985368], [106.81734240885777, -6.17850586286714], [106.81598350198112, -6.179804462385242], [106.8164000170974, -6.181539640245524], [106.8181754141018, -6.181976214340125], [106.81953430067577, -6.180677637597409]]]}, "properties": {"hex_id": "898c1079963ffff", "kawasan": "Tanah Abang", "kode_kawasan": "TNA", "diskor": false, "jarak_simpul_m": 903, "menit_jalan": 15, "lat": -6.1802410565030526, "lon": 106.81775891437151, "hex_induk": "888c107997fffff", "ridership_simpul": 44062572.0}}, {"type": "Feature", "geometry": {"type": "Polygon", "coordinates": [[[106.8187510071402, -6.385995020039063], [106.81833478395221, -6.384263772256523], [106.81656053759019, -6.383829304945344], [106.81520251909765, -6.385126112402191], [106.81561876724138, -6.386857364292071], [106.81739300892235, -6.387291804618409], [106.8187510071402, -6.385995020039063]]]}, "properties": {"hex_id": "898c10700abffff", "kawasan": "Depok Baru", "kode_kawasan": "DPB", "diskor": true, "jarak_simpul_m": 907, "menit_jalan": 15, "lat": -6.385560572815094, "lon": 106.8169767761442, "hex_induk": "888c10700bfffff", "ridership_simpul": 22931228.0}}, {"type": "Feature", "geometry": {"type": "Polygon", "coordinates": [[[106.81811613481335, -6.397244118124812], [106.81769992132362, -6.395513082676904], [106.81592573041942, -6.395078729599081], [106.81456775768682, -6.396375438951728], [106.81498399613014, -6.39810647849845], [106.81675818235294, -6.398540804594363], [106.81811613481335, -6.397244118124812]]]}, "properties": {"hex_id": "898c1070547ffff", "kawasan": "Depok Baru", "kode_kawasan": "DPB", "diskor": true, "jarak_simpul_m": 909, "menit_jalan": 15, "lat": -6.39680978513716, "lon": 106.81634195927391, "hex_induk": "888c107055fffff", "ridership_simpul": 22931228.0}}, {"type": "Feature", "geometry": {"type": "Polygon", "coordinates": [[[106.89327286747805, -6.376544935741356], [106.89285725340349, -6.37481400013761], [106.89108394686612, -6.374379797813272], [106.88972625899972, -6.375676558174917], [106.89014189807011, -6.377407497995267], [106.89191520001151, -6.377841673238003], [106.89327286747805, -6.376544935741356]]]}, "properties": {"hex_id": "898c107362fffff", "kawasan": "Harjamukti", "kode_kawasan": "HJM", "diskor": false, "jarak_simpul_m": 919, "menit_jalan": 15, "lat": -6.376110753558807, "lon": 106.89149957632581, "hex_induk": "888c107363fffff", "ridership_simpul": null}}, {"type": "Feature", "geometry": {"type": "Polygon", "coordinates": [[[106.84677453016256, -6.203699167947813], [106.84635829791586, -6.201964613000194], [106.84458338950948, -6.20152838171912], [106.84322471800465, -6.202826732440696], [106.84364097525078, -6.204561291658657], [106.84541587900279, -6.204997495885348], [106.84677453016256, -6.203699167947813]]]}, "properties": {"hex_id": "898c1079dc3ffff", "kawasan": "Manggarai", "kode_kawasan": "MGR", "diskor": true, "jarak_simpul_m": 920, "menit_jalan": 15, "lat": -6.203262956719046, "lon": 106.84499963714703, "hex_induk": "888c1079ddfffff", "ridership_simpul": 57517269.0}}, {"type": "Feature", "geometry": {"type": "Polygon", "coordinates": [[[106.83299100422526, -6.201943792272321], [106.83257465464509, -6.20020911277625], [106.83079955269402, -6.199772797174295], [106.82944080499384, -6.201071188106135], [106.82985717956659, -6.202805871854618], [106.83163227684743, -6.203242160419516], [106.83299100422526, -6.201943792272321]]]}, "properties": {"hex_id": "898c1079d3bffff", "kawasan": "Dukuh Atas BNI", "kode_kawasan": "DKA", "diskor": false, "jarak_simpul_m": 920, "menit_jalan": 15, "lat": -6.201507496711416, "lon": 106.83121591766186, "hex_induk": "888c1079d3fffff", "ridership_simpul": null}}, {"type": "Feature", "geometry": {"type": "Polygon", "coordinates": [[[106.84394732182895, -6.212797433161916], [106.84353107810125, -6.211063033088389], [106.84175618366095, -6.210626882965202], [106.84039753760614, -6.211925159965304], [106.84081380633035, -6.213659564299045], [106.84258869611331, -6.214095687373117], [106.84394732182895, -6.212797433161916]]]}, "properties": {"hex_id": "898c1079d93ffff", "kawasan": "Manggarai", "kode_kawasan": "MGR", "diskor": true, "jarak_simpul_m": 921, "menit_jalan": 15, "lat": -6.21236130309169, "lon": 106.8421724427779, "hex_induk": "888c1079d9fffff", "ridership_simpul": 57517269.0}}, {"type": "Feature", "geometry": {"type": "Polygon", "coordinates": [[[106.99954329871899, -6.228171274827788], [106.99912837617674, -6.226438203204899], [106.99735565454576, -6.226002961979207], [106.99599785993608, -6.227300819622], [106.99641280755243, -6.229033895710066], [106.99818552470481, -6.229469109690819], [106.99954329871899, -6.228171274827788]]]}, "properties": {"hex_id": "898c104ea93ffff", "kawasan": "Bekasi", "kode_kawasan": "BKS", "diskor": false, "jarak_simpul_m": 923, "menit_jalan": 15, "lat": -6.227736053780379, "lon": 106.99777059251339, "hex_induk": "888c104ea9fffff", "ridership_simpul": 22851756.0}}, {"type": "Feature", "geometry": {"type": "Polygon", "coordinates": [[[107.00014707617999, -6.244629965074615], [106.99973218054663, -6.242897212100088], [106.99795956041872, -6.242462146447362], [106.99660184040206, -6.243759861012452], [106.99701676110719, -6.245492618441629], [106.99878937675764, -6.245927656851727], [107.00014707617999, -6.244629965074615]]]}, "properties": {"hex_id": "898c104ec6bffff", "kawasan": "Bekasi", "kode_kawasan": "BKS", "diskor": false, "jarak_simpul_m": 928, "menit_jalan": 15, "lat": -6.244194919605691, "lon": 106.99837447147598, "hex_induk": "888c104ec7fffff", "ridership_simpul": 22851756.0}}, {"type": "Feature", "geometry": {"type": "Polygon", "coordinates": [[[106.85304149375928, -6.201974897068108], [106.85262531151672, -6.200240350676004], [106.85085047685945, -6.199804131481486], [106.84949182909241, -6.201102485742421], [106.84990803633794, -6.202837036414754], [106.85168286634797, -6.203273228546556], [106.85304149375928, -6.201974897068108]]]}, "properties": {"hex_id": "898c1079cafffff", "kawasan": "Manggarai", "kode_kawasan": "MGR", "diskor": true, "jarak_simpul_m": 928, "menit_jalan": 15, "lat": -6.201538697930227, "lon": 106.85126667449454, "hex_induk": "888c1079cbfffff", "ridership_simpul": 57517269.0}}, {"type": "Feature", "geometry": {"type": "Polygon", "coordinates": [[[106.85365364138255, -6.218446379659773], [106.85323748616912, -6.216712151576727], [106.85146275315515, -6.21627610686137], [106.85010418000111, -6.217574317290217], [106.8505203602152, -6.219308549643084], [106.85229508858313, -6.219744567297925], [106.85365364138255, -6.218446379659773]]]}, "properties": {"hex_id": "898c1078303ffff", "kawasan": "Manggarai", "kode_kawasan": "MGR", "diskor": true, "jarak_simpul_m": 934, "menit_jalan": 15, "lat": -6.218010355006693, "lon": 106.85187892375966, "hex_induk": "888c107831fffff", "ridership_simpul": 57517269.0}}, {"type": "Feature", "geometry": {"type": "Polygon", "coordinates": [[[106.82109075028407, -6.194121316634871], [106.82067429103569, -6.19238640945543], [106.81889898634567, -6.191949955518409], [106.8175401455886, -6.193248435784693], [106.81795662982461, -6.19498334720536], [106.81973192983052, -6.195419774119169], [106.82109075028407, -6.194121316634871]]]}, "properties": {"hex_id": "898c10799bbffff", "kawasan": "Dukuh Atas BNI", "kode_kawasan": "DKA", "diskor": false, "jarak_simpul_m": 935, "menit_jalan": 15, "lat": -6.193684882727162, "lon": 106.81931546097954, "hex_induk": "888c10799bfffff", "ridership_simpul": null}}, {"type": "Feature", "geometry": {"type": "Polygon", "coordinates": [[[106.81951309251994, -6.208425069216652], [106.81909663916078, -6.206690424373389], [106.81732139467753, -6.206254111593321], [106.81596260823939, -6.20755247067577], [106.81637908658305, -6.209287119748309], [106.81815432638082, -6.209723405509759], [106.81951309251994, -6.208425069216652]]]}, "properties": {"hex_id": "898c1078a1bffff", "kawasan": "Dukuh Atas BNI", "kode_kawasan": "DKA", "diskor": false, "jarak_simpul_m": 937, "menit_jalan": 15, "lat": -6.2079887764691675, "lon": 106.81773786342039, "hex_induk": "888c1078a1fffff", "ridership_simpul": null}}, {"type": "Feature", "geometry": {"type": "Polygon", "coordinates": [[[107.00640755759768, -6.242904635327758], [107.00599271211306, -6.241171891277305], [107.00422016664024, -6.240736837747059], [107.0028624711228, -6.242034555518839], [107.00327734168266, -6.243767304033789], [107.00504988268517, -6.244202330313117], [107.00640755759768, -6.242904635327758]]]}, "properties": {"hex_id": "898c104eeb3ffff", "kawasan": "Bekasi", "kode_kawasan": "BKS", "diskor": false, "jarak_simpul_m": 939, "menit_jalan": 15, "lat": -6.242469601985607, "lon": 107.00463502755042, "hex_induk": "888c104eebfffff", "ridership_simpul": 22851756.0}}, {"type": "Feature", "geometry": {"type": "Polygon", "coordinates": [[[106.81701428562721, -6.19801666269732], [106.8165977975724, -6.196281802886569], [106.81482246078554, -6.195845369929214], [106.81346361674261, -6.19714382380056], [106.8138801297823, -6.198878687844221], [106.81565546188051, -6.199315093784281], [106.81701428562721, -6.19801666269732]]]}, "properties": {"hex_id": "898c10799b7ffff", "kawasan": "Dukuh Atas BNI", "kode_kawasan": "DKA", "diskor": false, "jarak_simpul_m": 942, "menit_jalan": 15, "lat": -6.197580249767339, "lon": 106.81523896422445, "hex_induk": "888c10799bfffff", "ridership_simpul": null}}, {"type": "Feature", "geometry": {"type": "Polygon", "coordinates": [[[106.82422482214633, -6.193259278226358], [106.82380838788735, -6.19152437529308], [106.82203311999152, -6.191087927393596], [106.82067429103569, -6.19238640945543], [106.82109075028407, -6.194121316634871], [106.82286601349936, -6.19455773750697], [106.82422482214633, -6.193259278226358]]]}, "properties": {"hex_id": "898c107998fffff", "kawasan": "Dukuh Atas BNI", "kode_kawasan": "DKA", "diskor": false, "jarak_simpul_m": 944, "menit_jalan": 15, "lat": -6.192822850358355, "lon": 106.82244956963686, "hex_induk": "888c107999fffff", "ridership_simpul": null}}, {"type": "Feature", "geometry": {"type": "Polygon", "coordinates": [[[106.82030647665148, -6.399409417187452], [106.81989028430228, -6.397678437913831], [106.81811613481335, -6.397244118124812], [106.81675818235294, -6.398540804594363], [106.81717439965657, -6.40027178796837], [106.81894854446665, -6.400706080773086], [106.82030647665148, -6.399409417187452]]]}, "properties": {"hex_id": "898c1070557ffff", "kawasan": "Depok Baru", "kode_kawasan": "DPB", "diskor": true, "jarak_simpul_m": 945, "menit_jalan": 15, "lat": -6.398975117490971, "lon": 106.81853234252766, "hex_induk": "888c107055fffff", "ridership_simpul": 22931228.0}}, {"type": "Feature", "geometry": {"type": "Polygon", "coordinates": [[[107.00923610756534, -6.233813017099851], [107.00882127370717, -6.232080118184822], [107.00704871482937, -6.231644982891216], [107.00569099427753, -6.232942773769505], [107.00610585321385, -6.234675677159204], [107.00787840762432, -6.2351107851966], [107.00923610756534, -6.233813017099851]]]}, "properties": {"hex_id": "898c104ee03ffff", "kawasan": "Bekasi", "kode_kawasan": "BKS", "diskor": false, "jarak_simpul_m": 945, "menit_jalan": 15, "lat": -6.2333779019937285, "lon": 107.00746356411469, "hex_induk": "888c104ee1fffff", "ridership_simpul": 22851756.0}}, {"type": "Feature", "geometry": {"type": "Polygon", "coordinates": [[[106.81607195375376, -6.201049901977703], [106.81565546188051, -6.199315093784281], [106.8138801297823, -6.198878687844221], [106.81252129424747, -6.200177117113771], [106.81293781110465, -6.201911929536713], [106.81471313851318, -6.20234830846123], [106.81607195375376, -6.201049901977703]]]}, "properties": {"hex_id": "898c1078a7bffff", "kawasan": "Dukuh Atas BNI", "kode_kawasan": "DKA", "diskor": false, "jarak_simpul_m": 954, "menit_jalan": 15, "lat": -6.200613516065228, "lon": 106.81429663703913, "hex_induk": "888c1078a7fffff", "ridership_simpul": null}}, {"type": "Feature", "geometry": {"type": "Polygon", "coordinates": [[[106.81734240885777, -6.17850586286714], [106.81692589756052, -6.176770633434757], [106.815150454398, -6.176333999273155], [106.81379152722205, -6.177632621565779], [106.81420806350746, -6.179367855244838], [106.81598350198112, -6.179804462385242], [106.81734240885777, -6.17850586286714]]]}, "properties": {"hex_id": "898c107996fffff", "kawasan": "Tanah Abang", "kode_kawasan": "TNA", "diskor": false, "jarak_simpul_m": 955, "menit_jalan": 15, "lat": -6.178069248727005, "lon": 106.81556698108135, "hex_induk": "888c107997fffff", "ridership_simpul": 44062572.0}}, {"type": "Feature", "geometry": {"type": "Polygon", "coordinates": [[[106.90549182139473, -6.364873894430426], [106.90507629384074, -6.363142815600656], [106.90330308449046, -6.36270855075246], [106.90194540727698, -6.364005391834089], [106.90236095983498, -6.365736474905292], [106.90413416460291, -6.366170712654086], [106.90549182139473, -6.364873894430426]]]}, "properties": {"hex_id": "898c1044da3ffff", "kawasan": "Harjamukti", "kode_kawasan": "HJM", "diskor": false, "jarak_simpul_m": 955, "menit_jalan": 15, "lat": -6.364439649729881, "lon": 106.9037186274337, "hex_induk": "888c1044dbfffff", "ridership_simpul": null}}, {"type": "Feature", "geometry": {"type": "Polygon", "coordinates": [[[106.81732139467753, -6.206254111593321], [106.8169049201522, -6.20451941088456], [106.81512963420452, -6.204083065029887], [106.81377082747072, -6.205381446900831], [106.81418732697979, -6.207116151837311], [106.81596260823939, -6.20755247067577], [106.81732139467753, -6.206254111593321]]]}, "properties": {"hex_id": "898c1078a0bffff", "kawasan": "Dukuh Atas BNI", "kode_kawasan": "DKA", "diskor": false, "jarak_simpul_m": 956, "menit_jalan": 15, "lat": -6.205817785768844, "lon": 106.81554612411324, "hex_induk": "888c1078a1fffff", "ridership_simpul": null}}, {"type": "Feature", "geometry": {"type": "Polygon", "coordinates": [[[106.83174193813784, -6.196739646303826], [106.83132557121064, -6.19500485933217], [106.82955042309628, -6.194568483612334], [106.82819164658136, -6.195866921901183], [106.8286080385013, -6.197601713127068], [106.83038318194387, -6.198038061810523], [106.83174193813784, -6.196739646303826]]]}, "properties": {"hex_id": "898c1079d67ffff", "kawasan": "Dukuh Atas BNI", "kode_kawasan": "DKA", "diskor": false, "jarak_simpul_m": 959, "menit_jalan": 15, "lat": -6.196303290622421, "lon": 106.8299668054113, "hex_induk": "888c1079d7fffff", "ridership_simpul": null}}, {"type": "Feature", "geometry": {"type": "Polygon", "coordinates": [[[106.99641280755243, -6.229033895710066], [106.99599785993608, -6.227300819622], [106.9942251009899, -6.22686557235351], [106.99286729414266, -6.228163428414504], [106.99328226683134, -6.229896508962817], [106.99505502129539, -6.230331728990529], [106.99641280755243, -6.229033895710066]]]}, "properties": {"hex_id": "898c104ea97ffff", "kawasan": "Bekasi", "kode_kawasan": "BKS", "diskor": false, "jarak_simpul_m": 961, "menit_jalan": 15, "lat": -6.228598668617689, "lon": 106.99464006403078, "hex_induk": "888c104ea9fffff", "ridership_simpul": 22851756.0}}, {"type": "Feature", "geometry": {"type": "Polygon", "coordinates": [[[106.82955042309628, -6.194568483612334], [106.82913403499866, -6.19283364078262], [106.82735884539376, -6.192397231988436], [106.82600004856128, -6.193695693058581], [106.82641646165084, -6.195430540140974], [106.82819164658136, -6.195866921901183], [106.82955042309628, -6.194568483612334]]]}, "properties": {"hex_id": "898c107999bffff", "kawasan": "Dukuh Atas BNI", "kode_kawasan": "DKA", "diskor": false, "jarak_simpul_m": 962, "menit_jalan": 15, "lat": -6.194132094854184, "lon": 106.82777524887886, "hex_induk": "888c107999fffff", "ridership_simpul": null}}, {"type": "Feature", "geometry": {"type": "Polygon", "coordinates": [[[106.89546172536883, -6.378709984114151], [106.89504613245364, -6.376979104721752], [106.89327286747805, -6.376544935741356], [106.89191520001151, -6.377841673238003], [106.89233081792331, -6.37957255684855], [106.8941040783055, -6.380006698744964], [106.89546172536883, -6.378709984114151]]]}, "properties": {"hex_id": "898c1073623ffff", "kawasan": "Harjamukti", "kode_kawasan": "HJM", "diskor": false, "jarak_simpul_m": 962, "menit_jalan": 15, "lat": -6.37827583527791, "lon": 106.8936884757787, "hex_induk": "888c107363fffff", "ridership_simpul": null}}, {"type": "Feature", "geometry": {"type": "Polygon", "coordinates": [[[106.83033765745316, -6.385573530916592], [106.82992153028756, -6.383842351647078], [106.82814743561833, -6.383407936478094], [106.82678947278293, -6.384704727578981], [106.82720562491036, -6.386435910972129], [106.82897971491181, -6.386870299141399], [106.83033765745316, -6.385573530916592]]]}, "properties": {"hex_id": "898c10700d7ffff", "kawasan": "Depok Baru", "kode_kawasan": "DPB", "diskor": true, "jarak_simpul_m": 967, "menit_jalan": 15, "lat": -6.385139135843646, "lon": 106.82856357815285, "hex_induk": "888c10700dfffff", "ridership_simpul": 22931228.0}}, {"type": "Feature", "geometry": {"type": "Polygon", "coordinates": [[[106.80730428212479, -6.19236451200775], [106.80688770558685, -6.190629480447018], [106.80511220767035, -6.190192942284814], [106.8037532909922, -6.191491462689854], [106.80416989251088, -6.193226498473861], [106.80594538572743, -6.193663009630206], [106.80730428212479, -6.19236451200775]]]}, "properties": {"hex_id": "898c106a4cfffff", "kawasan": "Tanah Abang", "kode_kawasan": "TNA", "diskor": false, "jarak_simpul_m": 972, "menit_jalan": 15, "lat": -6.19192799386357, "lon": 106.80552879959056, "hex_induk": "888c106a4dfffff", "ridership_simpul": 44062572.0}}, {"type": "Feature", "geometry": {"type": "Polygon", "coordinates": [[[106.82172612984827, -6.182849323453564], [106.82130966089109, -6.181114205667472], [106.81953430067577, -6.180677637597409], [106.8181754141018, -6.181976214340125], [106.81859190804875, -6.183711336376008], [106.82036726358034, -6.18414787742003], [106.82172612984827, -6.182849323453564]]]}, "properties": {"hex_id": "898c1079973ffff", "kawasan": "Tanah Abang", "kode_kawasan": "TNA", "diskor": false, "jarak_simpul_m": 977, "menit_jalan": 15, "lat": -6.1824127754097535, "lon": 106.81995078501971, "hex_induk": "888c107997fffff", "ridership_simpul": 44062572.0}}, {"type": "Feature", "geometry": {"type": "Polygon", "coordinates": [[[106.85678687378004, -6.217584201818443], [106.856370743569, -6.21584997801015], [106.85459604744209, -6.21541393935663], [106.85323748616912, -6.216712151576727], [106.85365364138255, -6.218446379659773], [106.855428332867, -6.218882391248602], [106.85678687378004, -6.217584201818443]]]}, "properties": {"hex_id": "898c107831bffff", "kawasan": "Manggarai", "kode_kawasan": "MGR", "diskor": true, "jarak_simpul_m": 981, "menit_jalan": 15, "lat": -6.217148183229358, "lon": 106.85501219304501, "hex_induk": "888c107831fffff", "ridership_simpul": 57517269.0}}, {"type": "Feature", "geometry": {"type": "Polygon", "coordinates": [[[106.82562872268933, -6.400712237067883], [106.82521257643778, -6.39898131808087], [106.82343850511731, -6.398547037892685], [106.8220805847216, -6.399843703682991], [106.82249675593012, -6.401574626776831], [106.82427082257786, -6.402008879974184], [106.82562872268933, -6.400712237067883]]]}, "properties": {"hex_id": "898c10705cbffff", "kawasan": "Depok Baru", "kode_kawasan": "DPB", "diskor": true, "jarak_simpul_m": 986, "menit_jalan": 15, "lat": -6.400277976976736, "lon": 106.82385466673514, "hex_induk": "888c10705dfffff", "ridership_simpul": 22931228.0}}, {"type": "Feature", "geometry": {"type": "Polygon", "coordinates": [[[106.83110626859168, -6.208009708107769], [106.83068991136544, -6.20627513185778], [106.82891481875582, -6.205838870328188], [106.82755608804513, -6.207137212082787], [106.82797247026197, -6.208871792578428], [106.82974755819939, -6.209308027074467], [106.83110626859168, -6.208009708107769]]]}, "properties": {"hex_id": "898c1079dafffff", "kawasan": "Dukuh Atas BNI", "kode_kawasan": "DKA", "diskor": false, "jarak_simpul_m": 996, "menit_jalan": 15, "lat": -6.207573466619653, "lon": 106.82933119136864, "hex_induk": "888c1079dbfffff", "ridership_simpul": null}}, {"type": "Feature", "geometry": {"type": "Polygon", "coordinates": [[[106.81592573041942, -6.395078729599081], [106.81550949578939, -6.393347637982429], [106.81373526347343, -6.392913251620476], [106.81237727047198, -6.394209983855372], [106.81279353005486, -6.395941079569313], [106.81456775768682, -6.396375438951728], [106.81592573041942, -6.395078729599081]]]}, "properties": {"hex_id": "898c107057bffff", "kawasan": "Depok Baru", "kode_kawasan": "DPB", "diskor": true, "jarak_simpul_m": 997, "menit_jalan": 15, "lat": -6.394644363324963, "lon": 106.81415151346792, "hex_induk": "888c107057fffff", "ridership_simpul": 22931228.0}}, {"type": "Feature", "geometry": {"type": "Polygon", "coordinates": [[[106.89108394686612, -6.374379797813272], [106.89066831163234, -6.372648806003681], [106.88889496353667, -6.372214570340038], [106.8875372552738, -6.373511353565871], [106.88795291550261, -6.37524234959051], [106.88972625899972, -6.375676558174917], [106.89108394686612, -6.374379797813272]]]}, "properties": {"hex_id": "898c1073297ffff", "kawasan": "Harjamukti", "kode_kawasan": "HJM", "diskor": false, "jarak_simpul_m": 999, "menit_jalan": 15, "lat": -6.373945582289083, "lon": 106.88931061415528, "hex_induk": "888c107329fffff", "ridership_simpul": null}}, {"type": "Feature", "geometry": {"type": "Polygon", "coordinates": [[[106.82876064089044, -6.399849838850646], [106.82834451959761, -6.398118923975373], [106.82657048503648, -6.39768465009267], [106.82521257643778, -6.39898131808087], [106.82562872268933, -6.400712237067883], [106.8274027525813, -6.401146483955599], [106.82876064089044, -6.399849838850646]]]}, "properties": {"hex_id": "898c1070437ffff", "kawasan": "Depok Baru", "kode_kawasan": "DPB", "diskor": true, "jarak_simpul_m": 1005, "menit_jalan": 15, "lat": -6.3994155850671355, "lon": 106.82698662169643, "hex_induk": "888c107043fffff", "ridership_simpul": 22931228.0}}, {"type": "Feature", "geometry": {"type": "Polygon", "coordinates": [[[106.90078131704881, -6.380012351392723], [106.90036577029231, -6.378281532441743], [106.89859258386359, -6.377847403072763], [106.89723494877911, -6.379144119745916], [106.89765052053474, -6.380874942921479], [106.8994237023762, -6.381309045199956], [106.90078131704881, -6.380012351392723]]]}, "properties": {"hex_id": "898c1073607ffff", "kawasan": "Harjamukti", "kode_kawasan": "HJM", "diskor": false, "jarak_simpul_m": 1009, "menit_jalan": 15, "lat": -6.379578242172378, "lon": 106.89900814600671, "hex_induk": "888c107361fffff", "ridership_simpul": null}}, {"type": "Feature", "geometry": {"type": "Polygon", "coordinates": [[[106.90768049554768, -6.367039148560594], [106.90726498915723, -6.365308125934896], [106.90549182139473, -6.364873894430426], [106.90413416460291, -6.366170712654086], [106.90454969599813, -6.367901739522755], [106.90632285918086, -6.368335943925449], [106.90768049554768, -6.367039148560594]]]}, "properties": {"hex_id": "898c1044db3ffff", "kawasan": "Harjamukti", "kode_kawasan": "HJM", "diskor": false, "jarak_simpul_m": 1010, "menit_jalan": 15, "lat": -6.366604937206124, "lon": 106.90590734317475, "hex_induk": "888c1044dbfffff", "ridership_simpul": null}}, {"type": "Feature", "geometry": {"type": "Polygon", "coordinates": [[[106.8325278167019, -6.38773903589949], [106.83211171068102, -6.386007912797008], [106.83033765745316, -6.385573530916592], [106.82897971491181, -6.386870299141399], [106.8293958458953, -6.388601426369056], [106.83116989445797, -6.389035781247382], [106.8325278167019, -6.38773903589949]]]}, "properties": {"hex_id": "898c107046fffff", "kawasan": "Depok Baru", "kode_kawasan": "DPB", "diskor": true, "jarak_simpul_m": 1015, "menit_jalan": 15, "lat": -6.387304674117464, "lon": 106.83075377884327, "hex_induk": "888c107047fffff", "ridership_simpul": 22931228.0}}, {"type": "Feature", "geometry": {"type": "Polygon", "coordinates": [[[106.90330308449046, -6.36270855075246], [106.90288753577308, -6.360977415724123], [106.90111428483857, -6.360543117536869], [106.89975658720677, -6.361839981475618], [106.90017216092735, -6.363571120743853], [106.90194540727698, -6.364005391834089], [106.90330308449046, -6.36270855075246]]]}, "properties": {"hex_id": "898c1044dafffff", "kawasan": "Harjamukti", "kode_kawasan": "HJM", "diskor": false, "jarak_simpul_m": 1018, "menit_jalan": 15, "lat": -6.362274272710502, "lon": 106.90152984894488, "hex_induk": "888c1044dbfffff", "ridership_simpul": null}}, {"type": "Feature", "geometry": {"type": "Polygon", "coordinates": [[[107.00267374031351, -6.227308646324611], [107.0022588428471, -6.225575579171798], [107.00048615854097, -6.225140343987082], [106.99912837617674, -6.226438203204899], [106.99954329871899, -6.228171274827788], [107.00131597855007, -6.22860648276343], [107.00267374031351, -6.227308646324611]]]}, "properties": {"hex_id": "898c104ee67ffff", "kawasan": "Bekasi", "kode_kawasan": "BKS", "diskor": false, "jarak_simpul_m": 1019, "menit_jalan": 15, "lat": -6.226873431320306, "lon": 107.00090107143359, "hex_induk": "888c104ee7fffff", "ridership_simpul": 22851756.0}}, {"type": "Feature", "geometry": {"type": "Polygon", "coordinates": [[[106.8120160472827, -6.177195981384328], [106.81159948982831, -6.175460691892111], [106.80982396842681, -6.175024018674371], [106.80846500917518, -6.176322661964091], [106.80888159161519, -6.178057955696462], [106.81065710832168, -6.178494601899603], [106.8120160472827, -6.177195981384328]]]}, "properties": {"hex_id": "898c106a68bffff", "kawasan": "Tanah Abang", "kode_kawasan": "TNA", "diskor": false, "jarak_simpul_m": 1020, "menit_jalan": 15, "lat": -6.176759328183484, "lon": 106.81024054126614, "hex_induk": "888c106a69fffff", "ridership_simpul": 44062572.0}}, {"type": "Feature", "geometry": {"type": "Polygon", "coordinates": [[[106.8505203602152, -6.219308549643084], [106.85010418000111, -6.217574317290217], [106.84832941010978, -6.217138266511182], [106.8469708250826, -6.218436475142008], [106.84738703029556, -6.220170711759763], [106.84916179553728, -6.220606735482441], [106.8505203602152, -6.219308549643084]]]}, "properties": {"hex_id": "898c1078307ffff", "kawasan": "Manggarai", "kode_kawasan": "MGR", "diskor": true, "jarak_simpul_m": 1020, "menit_jalan": 15, "lat": -6.2188725189241625, "lon": 106.84874560571407, "hex_induk": "888c107831fffff", "ridership_simpul": 57517269.0}}, {"type": "Feature", "geometry": {"type": "Polygon", "coordinates": [[[106.80949629396409, -6.194535992848888], [106.80907973859205, -6.192801017121566], [106.80730428212479, -6.19236451200775], [106.80594538572743, -6.193663009630206], [106.80636196608098, -6.195397989582356], [106.80813741785086, -6.195834467687886], [106.80949629396409, -6.194535992848888]]]}, "properties": {"hex_id": "898c106a4c3ffff", "kawasan": "Tanah Abang", "kode_kawasan": "TNA", "diskor": false, "jarak_simpul_m": 1027, "menit_jalan": 15, "lat": -6.194099507755498, "lon": 106.80772085287943, "hex_induk": "888c106a4dfffff", "ridership_simpul": 44062572.0}}, {"type": "Feature", "geometry": {"type": "Polygon", "coordinates": [[[106.90391206458315, -6.37914975156254], [106.90349654282754, -6.377418936841065], [106.90172339339003, -6.376984813733015], [106.90036577029231, -6.378281532441743], [106.90078131704881, -6.380012351392723], [106.90255446190261, -6.380446447406119], [106.90391206458315, -6.37914975156254]]]}, "properties": {"hex_id": "898c1073603ffff", "kawasan": "Harjamukti", "kode_kawasan": "HJM", "diskor": false, "jarak_simpul_m": 1027, "menit_jalan": 15, "lat": -6.378715648605276, "lon": 106.9021389305331, "hex_induk": "888c107361fffff", "ridership_simpul": null}}, {"type": "Feature", "geometry": {"type": "Polygon", "coordinates": [[[106.80511220767035, -6.190192942284814], [106.80469560996669, -6.188457854896271], [106.80292007060449, -6.188021283690426], [106.80156113364896, -6.1893198268772], [106.80197775633255, -6.191054918487438], [106.8037532909922, -6.191491462689854], [106.80511220767035, -6.190192942284814]]]}, "properties": {"hex_id": "898c106a457ffff", "kawasan": "Tanah Abang", "kode_kawasan": "TNA", "diskor": false, "jarak_simpul_m": 1034, "menit_jalan": 15, "lat": -6.189756391094584, "lon": 106.8033366836901, "hex_induk": "888c106a45fffff", "ridership_simpul": 44062572.0}}, {"type": "Feature", "geometry": {"type": "Polygon", "coordinates": [[[106.82814743561833, -6.383407936478094], [106.82773128730821, -6.381676701047056], [106.82595715120118, -6.381242252594189], [106.8245991680751, -6.382539066570347], [106.82501534134626, -6.384270306123452], [106.82678947278293, -6.384704727578981], [106.82814743561833, -6.383407936478094]]]}, "properties": {"hex_id": "898c10700c7ffff", "kawasan": "Depok Baru", "kode_kawasan": "DPB", "diskor": true, "jarak_simpul_m": 1036, "menit_jalan": 15, "lat": -6.3829735081189085, "lon": 106.8263733148799, "hex_induk": "888c10700dfffff", "ridership_simpul": 22931228.0}}, {"type": "Feature", "geometry": {"type": "Polygon", "coordinates": [[[106.83283429916443, -6.395959849011399], [106.83241820665053, -6.394228886188358], [106.83064420419379, -6.393794591608366], [106.829286298916, -6.395091286852981], [106.82970241639137, -6.396822253796039], [106.8314764141835, -6.397256521375109], [106.83283429916443, -6.395959849011399]]]}, "properties": {"hex_id": "898c107043bffff", "kawasan": "Depok Baru", "kode_kawasan": "DPB", "diskor": true, "jarak_simpul_m": 1037, "menit_jalan": 15, "lat": -6.3955255745325585, "lon": 106.83106031207619, "hex_induk": "888c107043fffff", "ridership_simpul": 22931228.0}}, {"type": "Feature", "geometry": {"type": "Polygon", "coordinates": [[[106.99233944489917, -6.232927369589975], [106.99192446833935, -6.23119434065395], [106.99015167657328, -6.230759114577441], [106.98879386585418, -6.232056944672476], [106.98920886748365, -6.23378997806044], [106.99098165476302, -6.234225176902071], [106.99233944489917, -6.232927369589975]]]}, "properties": {"hex_id": "898c104e843ffff", "kawasan": "Bekasi", "kode_kawasan": "BKS", "diskor": false, "jarak_simpul_m": 1037, "menit_jalan": 15, "lat": -6.232492163687636, "lon": 106.99056666855628, "hex_induk": "888c104e85fffff", "ridership_simpul": 22851756.0}}, {"type": "Feature", "geometry": {"type": "Polygon", "coordinates": [[[106.82170472772798, -6.210595937889532], [106.8212882955352, -6.208861348917378], [106.81951309251994, -6.208425069216652], [106.81815432638082, -6.209723405509759], [106.81857078355893, -6.211457998712755], [106.82034598189128, -6.211894251392448], [106.82170472772798, -6.210595937889532]]]}, "properties": {"hex_id": "898c1078ac7ffff", "kawasan": "Dukuh Atas BNI", "kode_kawasan": "DKA", "diskor": false, "jarak_simpul_m": 1038, "menit_jalan": 15, "lat": -6.210159678223782, "lon": 106.81992954009672, "hex_induk": "888c1078adfffff", "ridership_simpul": null}}, {"type": "Feature", "geometry": {"type": "Polygon", "coordinates": [[[106.99482918296104, -6.243324789295718], [106.99441424105713, -6.241591975774305], [106.99264154182906, -6.241156870755632], [106.99128378898892, -6.242454606495111], [106.99169875596208, -6.244187424464734], [106.99347145070658, -6.24462250224731], [106.99482918296104, -6.243324789295718]]]}, "properties": {"hex_id": "898c104e8d7ffff", "kawasan": "Bekasi", "kode_kawasan": "BKS", "diskor": false, "jarak_simpul_m": 1039, "menit_jalan": 15, "lat": -6.242889704456328, "lon": 106.99305649915573, "hex_induk": "888c104e8dfffff", "ridership_simpul": 22851756.0}}, {"type": "Feature", "geometry": {"type": "Polygon", "coordinates": [[[106.83377610011286, -6.392932188766881], [106.83336001141774, -6.391201173886734], [106.83158600429738, -6.390766852304041], [106.83022809053621, -6.392063572604846], [106.83064420419379, -6.393794591608366], [106.83241820665053, -6.394228886188358], [106.83377610011286, -6.392932188766881]]]}, "properties": {"hex_id": "898c1070477ffff", "kawasan": "Depok Baru", "kode_kawasan": "DPB", "diskor": true, "jarak_simpul_m": 1045, "menit_jalan": 15, "lat": -6.392497887285135, "lon": 106.83200210836154, "hex_induk": "888c107047fffff", "ridership_simpul": 22931228.0}}, {"type": "Feature", "geometry": {"type": "Polygon", "coordinates": [[[106.80888159161519, -6.178057955696462], [106.80846500917518, -6.176322661964091], [106.80668945101272, -6.175885982727006], [106.80533047998927, -6.177184624233372], [106.80574708741312, -6.178919922200954], [106.80752264087701, -6.17935657442761], [106.80888159161519, -6.178057955696462]]]}, "properties": {"hex_id": "898c106a68fffff", "kawasan": "Tanah Abang", "kode_kawasan": "TNA", "diskor": false, "jarak_simpul_m": 1047, "menit_jalan": 15, "lat": -6.177621296474102, "lon": 106.80710604883679, "hex_induk": "888c106a69fffff", "ridership_simpul": 44062572.0}}, {"type": "Feature", "geometry": {"type": "Polygon", "coordinates": [[[106.90798486546778, -6.375259610192872], [106.90756937255651, -6.373528747722104], [106.9057962555407, -6.373094603772542], [106.90443863601574, -6.37439134939498], [106.90485415393061, -6.376122216103509], [106.90662726636727, -6.376556332952489], [106.90798486546778, -6.375259610192872]]]}, "properties": {"hex_id": "898c1073657ffff", "kawasan": "Harjamukti", "kode_kawasan": "HJM", "diskor": false, "jarak_simpul_m": 1051, "menit_jalan": 15, "lat": -6.374825486396044, "lon": 106.90621176384077, "hex_induk": "888c107365fffff", "ridership_simpul": null}}, {"type": "Feature", "geometry": {"type": "Polygon", "coordinates": [[[106.90892698007633, -6.372232000085136], [106.90851149100716, -6.37050108563802], [106.90673836941313, -6.370066914586092], [106.90538074146694, -6.371363685084293], [106.9057962555407, -6.373094603772542], [106.90756937255651, -6.373528747722104], [106.90892698007633, -6.372232000085136]]]}, "properties": {"hex_id": "898c1073643ffff", "kawasan": "Harjamukti", "kode_kawasan": "HJM", "diskor": false, "jarak_simpul_m": 1053, "menit_jalan": 15, "lat": -6.37179784918575, "lon": 106.90715387387166, "hex_induk": "888c107365fffff", "ridership_simpul": null}}, {"type": "Feature", "geometry": {"type": "Polygon", "coordinates": [[[106.85836579470092, -6.203283416173814], [106.85794965863832, -6.20154892996073], [106.856174902409, -6.201112749916466], [106.8548162868838, -6.202411083155221], [106.8552324479519, -6.20414557365502], [106.85700719954015, -6.204581726629996], [106.85836579470092, -6.203283416173814]]]}, "properties": {"hex_id": "898c1079cbbffff", "kawasan": "Manggarai", "kode_kawasan": "MGR", "diskor": true, "jarak_simpul_m": 1055, "menit_jalan": 15, "lat": -6.2028472561907355, "lon": 106.85659105386529, "hex_induk": "888c1079cbfffff", "ridership_simpul": 57517269.0}}, {"type": "Feature", "geometry": {"type": "Polygon", "coordinates": [[[106.84269857330119, -6.207594125412873], [106.84228231222865, -6.205859617815573], [106.84050737162019, -6.205423407538682], [106.83914869674364, -6.206721731908201], [106.83956498281285, -6.208456243767537], [106.8413399187624, -6.208892426995967], [106.84269857330119, -6.207594125412873]]]}, "properties": {"hex_id": "898c1079d8bffff", "kawasan": "Manggarai", "kode_kawasan": "MGR", "diskor": true, "jarak_simpul_m": 1056, "menit_jalan": 15, "lat": -6.207157935186349, "lon": 106.84092364808217, "hex_induk": "888c1079d9fffff", "ridership_simpul": 57517269.0}}, {"type": "Feature", "geometry": {"type": "Polygon", "coordinates": [[[106.81795662982461, -6.19498334720536], [106.8175401455886, -6.193248435784693], [106.81576480411405, -6.192811975808294], [106.81440595156367, -6.194110454272264], [106.81482246078554, -6.195845369929214], [106.8165977975724, -6.196281802886569], [106.81795662982461, -6.19498334720536]]]}, "properties": {"hex_id": "898c10799a3ffff", "kawasan": "Dukuh Atas BNI", "kode_kawasan": "DKA", "diskor": false, "jarak_simpul_m": 1056, "menit_jalan": 15, "lat": -6.194546907256105, "lon": 106.8161813037347, "hex_induk": "888c10799bfffff", "ridership_simpul": null}}, {"type": "Feature", "geometry": {"type": "Polygon", "coordinates": [[[106.82297550202077, -6.188054461984854], [106.82255905041303, -6.186319451614605], [106.82078373635777, -6.185882943625908], [106.81942487859284, -6.187181473034824], [106.81984135519015, -6.188916487653057], [106.8216166645633, -6.18935296861504], [106.82297550202077, -6.188054461984854]]]}, "properties": {"hex_id": "898c1079903ffff", "kawasan": "Tanah Abang", "kode_kawasan": "TNA", "diskor": false, "jarak_simpul_m": 1059, "menit_jalan": 15, "lat": -6.187617974025023, "lon": 106.82120020335205, "hex_induk": "888c107991fffff", "ridership_simpul": 44062572.0}}, {"type": "Feature", "geometry": {"type": "Polygon", "coordinates": [[[106.86086248967021, -6.213689580816826], [106.86044638829475, -6.211955309654156], [106.85867172442663, -6.211519249990046], [106.85731316657235, -6.21281748855984], [106.85772929295298, -6.214551764005587], [106.85950395218318, -6.214987796599105], [106.86086248967021, -6.213689580816826]]]}, "properties": {"hex_id": "898c1078353ffff", "kawasan": "Manggarai", "kode_kawasan": "MGR", "diskor": true, "jarak_simpul_m": 1065, "menit_jalan": 15, "lat": -6.213253541219106, "lon": 106.85908784119539, "hex_induk": "888c107835fffff", "ridership_simpul": 57517269.0}}, {"type": "Feature", "geometry": {"type": "Polygon", "coordinates": [[[106.99139663519361, -6.23595815421842], [106.99098165476302, -6.234225176902071], [106.98920886748365, -6.23378997806044], [106.98785106512302, -6.2350877837689], [106.9882660706223, -6.236820765533786], [106.99003885341396, -6.237255937142313], [106.99139663519361, -6.23595815421842]]]}, "properties": {"hex_id": "898c104e857ffff", "kawasan": "Bekasi", "kode_kawasan": "BKS", "diskor": false, "jarak_simpul_m": 1070, "menit_jalan": 15, "lat": -6.235522975551159, "lon": 106.9896238633369, "hex_induk": "888c104e85fffff", "ridership_simpul": 22851756.0}}, {"type": "Feature", "geometry": {"type": "Polygon", "coordinates": [[[106.83393339051474, -6.198910720052563], [106.83351704475812, -6.197175988944575], [106.83174193813784, -6.196739646303826], [106.83038318194387, -6.198038061810523], [106.83079955269402, -6.199772797174295], [106.83257465464509, -6.20020911277625], [106.83393339051474, -6.198910720052563]]]}, "properties": {"hex_id": "898c1079d77ffff", "kawasan": "Dukuh Atas BNI", "kode_kawasan": "DKA", "diskor": false, "jarak_simpul_m": 1071, "menit_jalan": 15, "lat": -6.198474397452634, "lon": 106.83215829928261, "hex_induk": "888c1079d7fffff", "ridership_simpul": null}}, {"type": "Feature", "geometry": {"type": "Polygon", "coordinates": [[[106.99264154182906, -6.241156870755632], [106.99222657872654, -6.239424001147522], [106.99045383771494, -6.238988862831579], [106.98909606429243, -6.240286621358099], [106.98951105246344, -6.242019495412884], [106.99128378898892, -6.242454606495111], [106.99264154182906, -6.241156870755632]]]}, "properties": {"hex_id": "898c104e8c7ffff", "kawasan": "Bekasi", "kode_kawasan": "BKS", "diskor": false, "jarak_simpul_m": 1075, "menit_jalan": 15, "lat": -6.2407217526166185, "lon": 106.99086881623991, "hex_induk": "888c104e8dfffff", "ridership_simpul": 22851756.0}}, {"type": "Feature", "geometry": {"type": "Polygon", "coordinates": [[[106.81482246078554, -6.195845369929214], [106.81440595156367, -6.194110454272264], [106.81263057331432, -6.193673988254659], [106.81127170897855, -6.194972464909531], [106.8116882431845, -6.19670738479783], [106.81346361674261, -6.19714382380056], [106.81482246078554, -6.195845369929214]]]}, "properties": {"hex_id": "898c10799a7ffff", "kawasan": "Tanah Abang", "kode_kawasan": "TNA", "diskor": false, "jarak_simpul_m": 1077, "menit_jalan": 15, "lat": -6.195408923936592, "lon": 106.81304709791998, "hex_induk": "888c10799bfffff", "ridership_simpul": 44062572.0}}, {"type": "Feature", "geometry": {"type": "Polygon", "coordinates": [[[106.82203311999152, -6.191087927393596], [106.8216166645633, -6.18935296861504], [106.81984135519015, -6.188916487653057], [106.81848250592883, -6.190214992495244], [106.81889898634567, -6.191949955518409], [106.82067429103569, -6.19238640945543], [106.82203311999152, -6.191087927393596]]]}, "properties": {"hex_id": "898c1079917ffff", "kawasan": "Tanah Abang", "kode_kawasan": "TNA", "diskor": false, "jarak_simpul_m": 1079, "menit_jalan": 15, "lat": -6.190651466460701, "lon": 106.82025782600441, "hex_induk": "888c107991fffff", "ridership_simpul": 44062572.0}}, {"type": "Feature", "geometry": {"type": "Polygon", "coordinates": [[[106.80480473614504, -6.18195378553057], [106.80438812490571, -6.180218539141184], [106.80261253469409, -6.179781880889186], [106.80125356042542, -6.181080496031726], [106.80167019664583, -6.182815746648], [106.8034457821543, -6.183252377895495], [106.80480473614504, -6.18195378553057]]]}, "properties": {"hex_id": "898c106a6b3ffff", "kawasan": "Tanah Abang", "kode_kawasan": "TNA", "diskor": false, "jarak_simpul_m": 1080, "menit_jalan": 15, "lat": -6.181517147291349, "lon": 106.8030291613161, "hex_induk": "888c106a6bfffff", "ridership_simpul": 44062572.0}}, {"type": "Feature", "geometry": {"type": "Polygon", "coordinates": [[[106.82735884539376, -6.192397231988436], [106.82694243612593, -6.190662333306263], [106.825167205034, -6.190225891442491], [106.82380838788735, -6.19152437529308], [106.82422482214633, -6.193259278226358], [106.82600004856128, -6.193695693058581], [106.82735884539376, -6.192397231988436]]]}, "properties": {"hex_id": "898c107998bffff", "kawasan": "Dukuh Atas BNI", "kode_kawasan": "DKA", "diskor": false, "jarak_simpul_m": 1080, "menit_jalan": 15, "lat": -6.191960810158307, "lon": 106.82558362968902, "hex_induk": "888c107999fffff", "ridership_simpul": null}}, {"type": "Feature", "geometry": {"type": "Polygon", "coordinates": [[[107.01048057448655, -6.239011498432676], [107.01006575795498, -6.237278707226112], [107.00829324535835, -6.236843632497499], [107.00693555375953, -6.238141376232947], [107.00735039536904, -6.239874171912321], [107.00912290349989, -6.240309219384098], [107.01048057448655, -6.239011498432676]]]}, "properties": {"hex_id": "898c104ee8fffff", "kawasan": "Bekasi", "kode_kawasan": "BKS", "diskor": false, "jarak_simpul_m": 1082, "menit_jalan": 15, "lat": -6.23857644389411, "lon": 107.00870807731684, "hex_induk": "888c104ee9fffff", "ridership_simpul": 22851756.0}}, {"type": "Feature", "geometry": {"type": "Polygon", "coordinates": [[[106.80386239720873, -6.184987572699264], [106.8034457821543, -6.183252377895495], [106.80167019664583, -6.182815746648], [106.8003112308964, -6.184114337207697], [106.80072787093096, -6.18584953623498], [106.80250345173529, -6.186286140479708], [106.80386239720873, -6.184987572699264]]]}, "properties": {"hex_id": "898c106a44fffff", "kawasan": "Tanah Abang", "kode_kawasan": "TNA", "diskor": false, "jarak_simpul_m": 1083, "menit_jalan": 15, "lat": -6.184550961464789, "lon": 106.80208682708243, "hex_induk": "888c106a45fffff", "ridership_simpul": 44062572.0}}, {"type": "Feature", "geometry": {"type": "Polygon", "coordinates": [[[106.89798329927899, -6.361405677048627], [106.89756770439598, -6.359674481588878], [106.89579437489354, -6.35924014382979], [106.89443664486562, -6.360537028621597], [106.8948522647493, -6.362268228314803], [106.89662558966072, -6.362702538983389], [106.89798329927899, -6.361405677048627]]]}, "properties": {"hex_id": "898c10732cbffff", "kawasan": "Harjamukti", "kode_kawasan": "HJM", "diskor": false, "jarak_simpul_m": 1083, "menit_jalan": 15, "lat": -6.360971359430349, "lon": 106.89620998516433, "hex_induk": "888c10732dfffff", "ridership_simpul": null}}, {"type": "Feature", "geometry": {"type": "Polygon", "coordinates": [[[106.8898370238423, -6.369186714201628], [106.88942137128586, -6.367455614213774], [106.88764797703533, -6.367021318136848], [106.88629023994181, -6.368318149127093], [106.88670591749347, -6.370049253331844], [106.88847930714388, -6.370483522330122], [106.8898370238423, -6.369186714201628]]]}, "properties": {"hex_id": "898c107328fffff", "kawasan": "Harjamukti", "kode_kawasan": "HJM", "diskor": false, "jarak_simpul_m": 1085, "menit_jalan": 15, "lat": -6.368752438261619, "lon": 106.88806364497678, "hex_induk": "888c107329fffff", "ridership_simpul": null}}, {"type": "Feature", "geometry": {"type": "Polygon", "coordinates": [[[106.81512963420452, -6.204083065029887], [106.81471313851318, -6.20234830846123], [106.81293781110465, -6.201911929536713], [106.81157898407854, -6.203210334195304], [106.8119955047528, -6.204945094990105], [106.81377082747072, -6.205381446900831], [106.81512963420452, -6.204083065029887]]]}, "properties": {"hex_id": "898c1078a73ffff", "kawasan": "Dukuh Atas BNI", "kode_kawasan": "DKA", "diskor": false, "jarak_simpul_m": 1087, "menit_jalan": 15, "lat": -6.203646706133184, "lon": 106.81335432217904, "hex_induk": "888c1078a7fffff", "ridership_simpul": null}}, {"type": "Feature", "geometry": {"type": "Polygon", "coordinates": [[[106.82249675593012, -6.401574626776831], [106.8220805847216, -6.399843703682991], [106.82030647665148, -6.399409417187452], [106.81894854446665, -6.400706080773086], [106.81936474063038, -6.402437007968865], [106.8211388440242, -6.402871267477714], [106.82249675593012, -6.401574626776831]]]}, "properties": {"hex_id": "898c10705cfffff", "kawasan": "Depok Baru", "kode_kawasan": "DPB", "diskor": true, "jarak_simpul_m": 1092, "menit_jalan": 15, "lat": -6.401140360376187, "lon": 106.82072266322544, "hex_induk": "888c10705dfffff", "ridership_simpul": 22931228.0}}, {"type": "Feature", "geometry": {"type": "Polygon", "coordinates": [[[106.81467700920237, -6.389885346522601], [106.81426075724522, -6.388154146684045], [106.8124864788355, -6.387719700063735], [106.81112845706897, -6.389016480261563], [106.81154473397912, -6.390747684199193], [106.81331900770326, -6.391182103840571], [106.81467700920237, -6.389885346522601]]]}, "properties": {"hex_id": "898c10700a7ffff", "kawasan": "Depok Baru", "kode_kawasan": "DPB", "diskor": true, "jarak_simpul_m": 1096, "menit_jalan": 15, "lat": -6.389450919987558, "lon": 106.81290274615729, "hex_induk": "888c10700bfffff", "ridership_simpul": 22931228.0}}, {"type": "Feature", "geometry": {"type": "Polygon", "coordinates": [[[106.86055662427503, -6.20545399341723], [106.86014050938785, -6.203719563103602], [106.85836579470092, -6.203283416173814], [106.85700719954015, -6.204581726629996], [106.85742333943362, -6.206316161231891], [106.85919804948205, -6.206752281089985], [106.86055662427503, -6.20545399341723]]]}, "properties": {"hex_id": "898c1079c87ffff", "kawasan": "Manggarai", "kode_kawasan": "MGR", "diskor": true, "jarak_simpul_m": 1097, "menit_jalan": 15, "lat": -6.205017866551007, "lon": 106.85878192498213, "hex_induk": "888c1079c9fffff", "ridership_simpul": 57517269.0}}, {"type": "Feature", "geometry": {"type": "Polygon", "coordinates": [[[106.8618049342495, -6.210657069314204], [106.86138883670579, -6.208922746524868], [106.85961416820074, -6.208486659788395], [106.85825560187679, -6.209784922914258], [106.85867172442663, -6.211519249990046], [106.86044638829475, -6.211955309654156], [106.8618049342495, -6.210657069314204]]]}, "properties": {"hex_id": "898c107835bffff", "kawasan": "Manggarai", "kode_kawasan": "MGR", "diskor": true, "jarak_simpul_m": 1099, "menit_jalan": 15, "lat": -6.210221002643905, "lon": 106.86003028113828, "hex_induk": "888c107835fffff", "ridership_simpul": 57517269.0}}, {"type": "Feature", "geometry": {"type": "Polygon", "coordinates": [[[106.8948522647493, -6.362268228314803], [106.89443664486562, -6.360537028621597], [106.89266327838567, -6.360102684623206], [106.89130553638445, -6.361399567405026], [106.89172118126707, -6.363130771326762], [106.89349454315243, -6.363565088238804], [106.8948522647493, -6.362268228314803]]]}, "properties": {"hex_id": "898c10732cfffff", "kawasan": "Harjamukti", "kode_kawasan": "HJM", "diskor": false, "jarak_simpul_m": 1100, "menit_jalan": 15, "lat": -6.361833904455069, "lon": 106.89307891365628, "hex_induk": "888c10732dfffff", "ridership_simpul": null}}, {"type": "Feature", "geometry": {"type": "Polygon", "coordinates": [[[106.89077909641917, -6.366158781191727], [106.89036344769947, -6.364427629233255], [106.8885900488498, -6.363993306075917], [106.88723230331942, -6.365290161958114], [106.88764797703533, -6.367021318136848], [106.88942137128586, -6.367455614213774], [106.89077909641917, -6.366158781191727]]]}, "properties": {"hex_id": "898c1073213ffff", "kawasan": "Harjamukti", "kode_kawasan": "HJM", "diskor": false, "jarak_simpul_m": 1103, "menit_jalan": 15, "lat": -6.365724478171092, "lon": 106.88900571295505, "hex_induk": "888c107321fffff", "ridership_simpul": null}}, {"type": "Feature", "geometry": {"type": "Polygon", "coordinates": [[[106.82282499520672, -6.382104611833225], [106.82240880079198, -6.38037331612566], [106.82063458649546, -6.379938828111646], [106.81927657129063, -6.381235662796638], [106.81969279066386, -6.382966962619816], [106.82146700028389, -6.383401423643033], [106.82282499520672, -6.382104611833225]]]}, "properties": {"hex_id": "898c1070003ffff", "kawasan": "Depok Baru", "kode_kawasan": "DPB", "diskor": true, "jarak_simpul_m": 1106, "menit_jalan": 15, "lat": -6.381670143908372, "lon": 106.82105079627763, "hex_induk": "888c107001fffff", "ridership_simpul": 22931228.0}}, {"type": "Feature", "geometry": {"type": "Polygon", "coordinates": [[[106.84364097525078, -6.204561291658657], [106.84322471800465, -6.202826732440696], [106.84144977273824, -6.202390495113587], [106.84009108937637, -6.203688844055307], [106.84050737162019, -6.205423407538682], [106.84228231222865, -6.205859617815573], [106.84364097525078, -6.204561291658657]]]}, "properties": {"hex_id": "898c1079dc7ffff", "kawasan": "Manggarai", "kode_kawasan": "MGR", "diskor": true, "jarak_simpul_m": 1108, "menit_jalan": 15, "lat": -6.204125074381688, "lon": 106.84186604537436, "hex_induk": "888c1079ddfffff", "ridership_simpul": 57517269.0}}, {"type": "Feature", "geometry": {"type": "Polygon", "coordinates": [[[106.89765052053474, -6.380874942921479], [106.89723494877911, -6.379144119745916], [106.89546172536883, -6.378709984114151], [106.8941040783055, -6.380006698744964], [106.89451967505852, -6.381737526140201], [106.89629289387796, -6.38217163468561], [106.89765052053474, -6.380874942921479]]]}, "properties": {"hex_id": "898c1073633ffff", "kawasan": "Harjamukti", "kode_kawasan": "HJM", "diskor": false, "jarak_simpul_m": 1113, "menit_jalan": 15, "lat": -6.3804408274362086, "lon": 106.89587731251025, "hex_induk": "888c107363fffff", "ridership_simpul": null}}, {"type": "Feature", "geometry": {"type": "Polygon", "coordinates": [[[106.99701676110719, -6.245492618441629], [106.99660184040206, -6.243759861012452], [106.99482918296104, -6.243324789295718], [106.99347145070658, -6.24462250224731], [106.99388639648174, -6.246355264126223], [106.99565904944177, -6.246790308604477], [106.99701676110719, -6.245492618441629]]]}, "properties": {"hex_id": "898c104ec6fffff", "kawasan": "Bekasi", "kode_kawasan": "BKS", "diskor": false, "jarak_simpul_m": 1113, "menit_jalan": 15, "lat": -6.245057566906548, "lon": 106.99524411908922, "hex_induk": "888c104ec7fffff", "ridership_simpul": 22851756.0}}, {"type": "Feature", "geometry": {"type": "Polygon", "coordinates": [[[106.815150454398, -6.176333999273155], [106.81473392193098, -6.174598714026049], [106.81295843730018, -6.174162046825805], [106.81159948982831, -6.175460691892111], [106.8120160472827, -6.177195981384328], [106.81379152722205, -6.177632621565779], [106.815150454398, -6.176333999273155]]]}, "properties": {"hex_id": "898c106a6d7ffff", "kawasan": "Tanah Abang", "kode_kawasan": "TNA", "diskor": false, "jarak_simpul_m": 1115, "menit_jalan": 15, "lat": -6.175897352091989, "lon": 106.81337498515298, "hex_induk": "888c106a6dfffff", "ridership_simpul": 44062572.0}}, {"type": "Feature", "geometry": {"type": "Polygon", "coordinates": [[[106.84175618366095, -6.210626882965202], [106.8413399187624, -6.208892426995967], [106.83956498281285, -6.208456243767537], [106.83820631642224, -6.209754543555706], [106.8386226063165, -6.211489003783584], [106.84039753760614, -6.211925159965304], [106.84175618366095, -6.210626882965202]]]}, "properties": {"hex_id": "898c1079d83ffff", "kawasan": "Manggarai", "kode_kawasan": "MGR", "diskor": true, "jarak_simpul_m": 1119, "menit_jalan": 15, "lat": -6.210190719787359, "lon": 106.83998126310034, "hex_induk": "888c1079d9fffff", "ridership_simpul": 57517269.0}}, {"type": "Feature", "geometry": {"type": "Polygon", "coordinates": [[[106.99328226683134, -6.229896508962817], [106.99286729414266, -6.228163428414504], [106.99109449789086, -6.227728175101359], [106.98973667881395, -6.22902602957381], [106.99015167657328, -6.230759114577441], [106.99192446833935, -6.23119434065395], [106.99328226683134, -6.229896508962817]]]}, "properties": {"hex_id": "898c104e84bffff", "kawasan": "Bekasi", "kode_kawasan": "BKS", "diskor": false, "jarak_simpul_m": 1120, "menit_jalan": 15, "lat": -6.229461275823627, "lon": 106.99150948600327, "hex_induk": "888c104e85fffff", "ridership_simpul": 22851756.0}}, {"type": "Feature", "geometry": {"type": "Polygon", "coordinates": [[[106.856174902409, -6.201112749916466], [106.85575874517116, -6.199378207809527], [106.85398394740297, -6.198941994655542], [106.85262531151672, -6.200240350676004], [106.85304149375928, -6.201974897068108], [106.8548162868838, -6.202411083155221], [106.856174902409, -6.201112749916466]]]}, "properties": {"hex_id": "898c1079cabffff", "kawasan": "Manggarai", "kode_kawasan": "MGR", "diskor": true, "jarak_simpul_m": 1120, "menit_jalan": 15, "lat": -6.200676556821279, "lon": 106.85440012003417, "hex_induk": "888c1079cbfffff", "ridership_simpul": 57517269.0}}, {"type": "Feature", "geometry": {"type": "Polygon", "coordinates": [[[106.81561876724138, -6.386857364292071], [106.81520251909765, -6.385126112402191], [106.81342823600333, -6.38469163880119], [106.8120702057378, -6.385988444071424], [106.8124864788355, -6.387719700063735], [106.81426075724522, -6.388154146684045], [106.81561876724138, -6.386857364292071]]]}, "properties": {"hex_id": "898c10700afffff", "kawasan": "Depok Baru", "kode_kawasan": "DPB", "diskor": true, "jarak_simpul_m": 1120, "menit_jalan": 15, "lat": -6.3864229107761386, "lon": 106.81384449951224, "hex_induk": "888c10700bfffff", "ridership_simpul": 22931228.0}}, {"type": "Feature", "geometry": {"type": "Polygon", "coordinates": [[[106.81969279066386, -6.382966962619816], [106.81927657129063, -6.381235662796638], [106.81750232024856, -6.380801168498812], [106.81614429326024, -6.382098001011458], [106.81656053759019, -6.383829304945344], [106.81833478395221, -6.384263772256523], [106.81969279066386, -6.382966962619816]]]}, "properties": {"hex_id": "898c1070007ffff", "kawasan": "Depok Baru", "kode_kawasan": "DPB", "diskor": true, "jarak_simpul_m": 1123, "menit_jalan": 15, "lat": -6.382532488409008, "lon": 106.81791855498837, "hex_induk": "888c107001fffff", "ridership_simpul": 22931228.0}}, {"type": "Feature", "geometry": {"type": "Polygon", "coordinates": [[[107.00953772390756, -6.242041958965135], [107.00912290349989, -6.240309219384098], [107.00735039536904, -6.239874171912321], [107.00599271211306, -6.241171891277305], [107.00640755759768, -6.242904635327758], [107.00818006126178, -6.243339655544473], [107.00953772390756, -6.242041958965135]]]}, "properties": {"hex_id": "898c104ee87ffff", "kawasan": "Bekasi", "kode_kawasan": "BKS", "diskor": false, "jarak_simpul_m": 1131, "menit_jalan": 15, "lat": -6.241606931683608, "lon": 107.0077652312031, "hex_induk": "888c104ee9fffff", "ridership_simpul": 22851756.0}}, {"type": "Feature", "geometry": {"type": "Polygon", "coordinates": [[[106.84519601832359, -6.218000418297465], [106.84477979194004, -6.216266125768797], [106.84300494366727, -6.215830035807112], [106.84164632643429, -6.217128265424535], [106.84206257781416, -6.218862562211594], [106.84383742143118, -6.219298625123496], [106.84519601832359, -6.218000418297465]]]}, "properties": {"hex_id": "898c1078323ffff", "kawasan": "Manggarai", "kode_kawasan": "MGR", "diskor": true, "jarak_simpul_m": 1136, "menit_jalan": 15, "lat": -6.217564348391355, "lon": 106.84342118543988, "hex_induk": "888c107833fffff", "ridership_simpul": 57517269.0}}, {"type": "Feature", "geometry": {"type": "Polygon", "coordinates": [[[106.83189251051583, -6.398987432133733], [106.8314764141835, -6.397256521375109], [106.82970241639137, -6.396822253796039], [106.82834451959761, -6.398118923975373], [106.82876064089044, -6.399849838850646], [106.83053463401697, -6.400284079430582], [106.83189251051583, -6.398987432133733]]]}, "properties": {"hex_id": "898c1070433ffff", "kawasan": "Depok Baru", "kode_kawasan": "DPB", "diskor": true, "jarak_simpul_m": 1143, "menit_jalan": 15, "lat": -6.398553184656007, "lon": 106.83011852809167, "hex_induk": "888c107043fffff", "ridership_simpul": 22931228.0}}, {"type": "Feature", "geometry": {"type": "Polygon", "coordinates": [[[107.01142343728186, -6.235980961911762], [107.01100862462674, -6.234248119087059], [107.00923610756534, -6.233813017099851], [107.00787840762432, -6.2351107851966], [107.00829324535835, -6.236843632497499], [107.01006575795498, -6.237278707226112], [107.01142343728186, -6.235980961911762]]]}, "properties": {"hex_id": "898c104ee13ffff", "kawasan": "Bekasi", "kode_kawasan": "BKS", "diskor": false, "jarak_simpul_m": 1145, "menit_jalan": 15, "lat": -6.235545880114389, "lon": 107.00965093564793, "hex_induk": "888c104ee1fffff", "ridership_simpul": 22851756.0}}, {"type": "Feature", "geometry": {"type": "Polygon", "coordinates": [[[106.85992005739004, -6.216722016127696], [106.85950395218318, -6.214987796599105], [106.85772929295298, -6.214551764005587], [106.856370743569, -6.21584997801015], [106.85678687378004, -6.217584201818443], [106.85856152837131, -6.218020207343111], [106.85992005739004, -6.216722016127696]]]}, "properties": {"hex_id": "898c10783cfffff", "kawasan": "Manggarai", "kode_kawasan": "MGR", "diskor": true, "jarak_simpul_m": 1145, "menit_jalan": 15, "lat": -6.216286003600785, "lon": 106.8581454135526, "hex_induk": "888c10783dfffff", "ridership_simpul": 57517269.0}}, {"type": "Feature", "geometry": {"type": "Polygon", "coordinates": [[[107.00799158866363, -6.228614212662598], [107.00757673747813, -6.22688120606005], [107.00580413231849, -6.226446010209115], [107.0044463828137, -6.227743848216973], [107.00486125907752, -6.229476859296062], [107.00663385976827, -6.229912027891396], [107.00799158866363, -6.228614212662598]]]}, "properties": {"hex_id": "898c104ee73ffff", "kawasan": "Bekasi", "kode_kawasan": "BKS", "diskor": false, "jarak_simpul_m": 1150, "menit_jalan": 15, "lat": -6.2281790369965755, "lon": 107.00621899893135, "hex_induk": "888c104ee7fffff", "ridership_simpul": 22851756.0}}, {"type": "Feature", "geometry": {"type": "Polygon", "coordinates": [[[106.82391789637155, -6.185020920425241], [106.82350144858466, -6.183285858470727], [106.82172612984827, -6.182849323453564], [106.82036726358034, -6.18414787742003], [106.82078373635777, -6.185882943625908], [106.82255905041303, -6.186319451614605], [106.82391789637155, -6.185020920425241]]]}, "properties": {"hex_id": "898c107990bffff", "kawasan": "Tanah Abang", "kode_kawasan": "TNA", "diskor": false, "jarak_simpul_m": 1151, "menit_jalan": 15, "lat": -6.1845844054367225, "lon": 106.82214259302224, "hex_induk": "888c107991fffff", "ridership_simpul": 44062572.0}}, {"type": "Feature", "geometry": {"type": "Polygon", "coordinates": [[[106.84771695755575, -6.200666260505552], [106.84730072913676, -6.198931653948078], [106.84552581607701, -6.198495395610875], [106.84416713609009, -6.199793770887922], [106.84458338950948, -6.20152838171912], [106.84635829791586, -6.201964613000194], [106.84771695755575, -6.200666260505552]]]}, "properties": {"hex_id": "898c1079dcbffff", "kawasan": "Manggarai", "kode_kawasan": "MGR", "diskor": true, "jarak_simpul_m": 1159, "menit_jalan": 15, "lat": -6.200230022220431, "lon": 106.84594205988736, "hex_induk": "888c1079ddfffff", "ridership_simpul": 57517269.0}}, {"type": "Feature", "geometry": {"type": "Polygon", "coordinates": [[[106.82703013408532, -6.211904638588744], [106.82661374804695, -6.210170109730639], [106.82483862330153, -6.209733869175222], [106.82347988927171, -6.211032184506175], [106.82389630029796, -6.212766717601611], [106.82567142036662, -6.213202931129405], [106.82703013408532, -6.211904638588744]]]}, "properties": {"hex_id": "898c1078ad3ffff", "kawasan": "Dukuh Atas BNI", "kode_kawasan": "DKA", "diskor": false, "jarak_simpul_m": 1160, "menit_jalan": 15, "lat": -6.211468418072851, "lon": 106.82525502472511, "hex_induk": "888c1078adfffff", "ridership_simpul": null}}, {"type": "Feature", "geometry": {"type": "Polygon", "coordinates": [[[106.84300494366727, -6.215830035807112], [106.84258869611331, -6.214095687373117], [106.84081380633035, -6.213659564299045], [106.83945516876014, -6.214957816706995], [106.83987144130965, -6.216692169397827], [106.84164632643429, -6.217128265424535], [106.84300494366727, -6.215830035807112]]]}, "properties": {"hex_id": "898c107832fffff", "kawasan": "Manggarai", "kode_kawasan": "MGR", "diskor": true, "jarak_simpul_m": 1161, "menit_jalan": 15, "lat": -6.215393932786232, "lon": 106.84123006927304, "hex_induk": "888c107833fffff", "ridership_simpul": 57517269.0}}, {"type": "Feature", "geometry": {"type": "Polygon", "coordinates": [[[106.90704276312026, -6.378287143439571], [106.90662726636727, -6.376556332952489], [106.90485415393061, -6.376122216103509], [106.90349654282754, -6.377418936841065], [106.90391206458315, -6.37914975156254], [106.90568517243965, -6.379583841312721], [106.90704276312026, -6.378287143439571]]]}, "properties": {"hex_id": "898c107361bffff", "kawasan": "Harjamukti", "kode_kawasan": "HJM", "diskor": false, "jarak_simpul_m": 1162, "menit_jalan": 15, "lat": -6.377853046743523, "lon": 106.90526966607189, "hex_induk": "888c107361fffff", "ridership_simpul": null}}, {"type": "Feature", "geometry": {"type": "Polygon", "coordinates": [[[106.83471791336088, -6.389904451416588], [106.8343018284849, -6.388173384486648], [106.8325278167019, -6.38773903589949], [106.83116989445797, -6.389035781247382], [106.83158600429738, -6.390766852304041], [106.83336001141774, -6.391201173886734], [106.83471791336088, -6.389904451416588]]]}, "properties": {"hex_id": "898c1070463ffff", "kawasan": "Depok Baru", "kode_kawasan": "DPB", "diskor": true, "jarak_simpul_m": 1165, "menit_jalan": 15, "lat": -6.389470122930162, "lon": 106.83294391694744, "hex_induk": "888c107047fffff", "ridership_simpul": 22931228.0}}, {"type": "Feature", "geometry": {"type": "Polygon", "coordinates": [[[106.85085047685945, -6.199804131481486], [106.85043427344263, -6.198069529202678], [106.84865939725616, -6.197633276905505], [106.84730072913676, -6.198931653948078], [106.84771695755575, -6.200666260505552], [106.84949182909241, -6.201102485742421], [106.85085047685945, -6.199804131481486]]]}, "properties": {"hex_id": "898c1079c37ffff", "kawasan": "Manggarai", "kode_kawasan": "MGR", "diskor": true, "jarak_simpul_m": 1166, "menit_jalan": 15, "lat": -6.1993678992385615, "lon": 106.84907561606519, "hex_induk": "888c1079c3fffff", "ridership_simpul": 57517269.0}}, {"type": "Feature", "geometry": {"type": "Polygon", "coordinates": [[[106.9098691069456, -6.369204313132799], [106.90945362171887, -6.367473346716658], [106.90768049554768, -6.367039148560594], [106.90632285918086, -6.368335943925449], [106.90673836941313, -6.370066914586092], [106.90851149100716, -6.37050108563802], [106.9098691069456, -6.369204313132799]]]}, "properties": {"hex_id": "898c107364bffff", "kawasan": "Harjamukti", "kode_kawasan": "HJM", "diskor": false, "jarak_simpul_m": 1167, "menit_jalan": 15, "lat": -6.368770135129072, "lon": 106.90809599616429, "hex_induk": "888c107365fffff", "ridership_simpul": null}}, {"type": "Feature", "geometry": {"type": "Polygon", "coordinates": [[[107.00233452894494, -6.246797694293642], [107.0019196545113, -6.245064997418402], [107.00014707617999, -6.244629965074615], [106.99878937675764, -6.245927656851727], [106.99920427626385, -6.247660358183155], [107.00097685012028, -6.248095363281932], [107.00233452894494, -6.246797694293642]]]}, "properties": {"hex_id": "898c104ec7bffff", "kawasan": "Bekasi", "kode_kawasan": "BKS", "diskor": false, "jarak_simpul_m": 1172, "menit_jalan": 15, "lat": -6.246362682136003, "lon": 107.00056196603785, "hex_induk": "888c104ec7fffff", "ridership_simpul": 22851756.0}}, {"type": "Feature", "geometry": {"type": "Polygon", "coordinates": [[[107.00546473204456, -6.245935022727261], [107.00504988268517, -6.244202330313117], [107.00327734168266, -6.243767304033789], [107.0019196545113, -6.245064997418402], [107.00233452894494, -6.246797694293642], [107.00410706547616, -6.247232693323822], [107.00546473204456, -6.245935022727261]]]}, "properties": {"hex_id": "898c104ec4fffff", "kawasan": "Bekasi", "kode_kawasan": "BKS", "diskor": false, "jarak_simpul_m": 1173, "menit_jalan": 15, "lat": -6.245500016636225, "lon": 107.00369220646708, "hex_induk": "888c104ec5fffff", "ridership_simpul": 22851756.0}}, {"type": "Feature", "geometry": {"type": "Polygon", "coordinates": [[[106.88889496353667, -6.372214570340038], [106.88847930714388, -6.370483522330122], [106.88670591749347, -6.370049253331844], [106.88534818883744, -6.371346059421016], [106.8857638702245, -6.373077111644467], [106.8875372552738, -6.373511353565871], [106.88889496353667, -6.372214570340038]]]}, "properties": {"hex_id": "898c1073287ffff", "kawasan": "Harjamukti", "kode_kawasan": "HJM", "diskor": false, "jarak_simpul_m": 1176, "menit_jalan": 15, "lat": -6.371780321478877, "lon": 106.88712158927078, "hex_induk": "888c107329fffff", "ridership_simpul": null}}, {"type": "Feature", "geometry": {"type": "Polygon", "coordinates": [[[107.01017898198977, -6.230782325735943], [107.00976415200778, -6.22904937521419], [107.00799158866363, -6.228614212662598], [107.00663385976827, -6.229912027891396], [107.00704871482937, -6.231644982891216], [107.00882127370717, -6.232080118184822], [107.01017898198977, -6.230782325735943]]]}, "properties": {"hex_id": "898c104ee0bffff", "kawasan": "Bekasi", "kode_kawasan": "BKS", "diskor": false, "jarak_simpul_m": 1181, "menit_jalan": 15, "lat": -6.230347183371629, "lon": 107.0084064340733, "hex_induk": "888c104ee1fffff", "ridership_simpul": 22851756.0}}, {"type": "Feature", "geometry": {"type": "Polygon", "coordinates": [[[106.81373526347343, -6.392913251620476], [106.81331900770326, -6.391182103840571], [106.81154473397912, -6.390747684199193], [106.8101867207122, -6.392044439315504], [106.81060300143442, -6.393775591191136], [106.81237727047198, -6.394209983855372], [106.81373526347343, -6.392913251620476]]]}, "properties": {"hex_id": "898c107056bffff", "kawasan": "Depok Baru", "kode_kawasan": "DPB", "diskor": true, "jarak_simpul_m": 1181, "menit_jalan": 15, "lat": -6.392478852064562, "lon": 106.81196100511343, "hex_induk": "888c107057fffff", "ridership_simpul": 22931228.0}}, {"type": "Feature", "geometry": {"type": "Polygon", "coordinates": [[[106.90111428483857, -6.360543117536869], [106.90069871495798, -6.358811926315481], [106.89892542244273, -6.35837759479382], [106.89756770439598, -6.359674481588878], [106.89798329927899, -6.361405677048627], [106.89975658720677, -6.361839981475618], [106.90111428483857, -6.360543117536869]]]}, "properties": {"hex_id": "898c1044d37ffff", "kawasan": "Harjamukti", "kode_kawasan": "HJM", "diskor": false, "jarak_simpul_m": 1181, "menit_jalan": 15, "lat": -6.360108806158175, "lon": 106.89934100771193, "hex_induk": "888c1044d3fffff", "ridership_simpul": null}}, {"type": "Feature", "geometry": {"type": "Polygon", "coordinates": [[[106.8116882431845, -6.19670738479783], [106.81127170897855, -6.194972464909531], [106.80949629396409, -6.194535992848888], [106.80813741785086, -6.195834467687886], [106.80855397703914, -6.197569391802581], [106.81032938735879, -6.198005836852536], [106.8116882431845, -6.19670738479783]]]}, "properties": {"hex_id": "898c106a4d3ffff", "kawasan": "Tanah Abang", "kode_kawasan": "TNA", "diskor": false, "jarak_simpul_m": 1183, "menit_jalan": 15, "lat": -6.196270932759993, "lon": 106.80991284355298, "hex_induk": "888c106a4dfffff", "ridership_simpul": 44062572.0}}, {"type": "Feature", "geometry": {"type": "Polygon", "coordinates": [[[106.80574708741312, -6.178919922200954], [106.80533047998927, -6.177184624233372], [106.8035548850755, -6.176747938975113], [106.8021959022882, -6.178046578691329], [106.80261253469409, -6.179781880889186], [106.80438812490571, -6.180218539141184], [106.80574708741312, -6.178919922200954]]]}, "properties": {"hex_id": "898c106a6bbffff", "kawasan": "Tanah Abang", "kode_kawasan": "TNA", "diskor": false, "jarak_simpul_m": 1188, "menit_jalan": 15, "lat": -6.1784832569552455, "lon": 106.80397150788257, "hex_induk": "888c106a6bfffff", "ridership_simpul": 44062572.0}}, {"type": "Feature", "geometry": {"type": "Polygon", "coordinates": [[[106.8351823930913, -6.204114698410763], [106.83476606468125, -6.202380074787997], [106.83299100422526, -6.201943792272321], [106.83163227684743, -6.203242160419516], [106.83204863025082, -6.204976788296245], [106.83382368603917, -6.205413043772465], [106.8351823930913, -6.204114698410763]]]}, "properties": {"hex_id": "898c1079d07ffff", "kawasan": "Dukuh Atas BNI", "kode_kawasan": "DKA", "diskor": false, "jarak_simpul_m": 1191, "menit_jalan": 15, "lat": -6.203678435938507, "lon": 106.83340734802326, "hex_induk": "888c1079d1fffff", "ridership_simpul": null}}, {"type": "Feature", "geometry": {"type": "Polygon", "coordinates": [[[106.80292007060449, -6.188021283690426], [106.80250345173529, -6.186286140479708], [106.80072787093096, -6.18584953623498], [106.79936891370141, -6.187148102202637], [106.79978555754975, -6.188883249633483], [106.80156113364896, -6.1893198268772], [106.80292007060449, -6.188021283690426]]]}, "properties": {"hex_id": "898c106a447ffff", "kawasan": "Tanah Abang", "kode_kawasan": "TNA", "diskor": false, "jarak_simpul_m": 1195, "menit_jalan": 15, "lat": -6.187584699458933, "lon": 106.80114450518178, "hex_induk": "888c106a45fffff", "ridership_simpul": 44062572.0}}, {"type": "Feature", "geometry": {"type": "Polygon", "coordinates": [[[106.83016391924814, -6.211042551690285], [106.82974755819939, -6.209308027074467], [106.82797247026197, -6.208871792578428], [106.82661374804695, -6.210170109730639], [106.82703013408532, -6.211904638588744], [106.82880521734954, -6.212340846052987], [106.83016391924814, -6.211042551690285]]]}, "properties": {"hex_id": "898c1079da7ffff", "kawasan": "Dukuh Atas BNI", "kode_kawasan": "DKA", "diskor": false, "jarak_simpul_m": 1200, "menit_jalan": 15, "lat": -6.210606337235937, "lon": 106.82838884669675, "hex_induk": "888c1079dbfffff", "ridership_simpul": null}}]}