{
"type": "FeatureCollection",
"name": "skor_peluang",
"crs": { "type": "name", "properties": { "name": "urn:ogc:def:crs:OGC:1.3:CRS84" } },
"features": [
{ "type": "Feature", "properties": { "hex_id": "898c1070097ffff", "kawasan": "Depok Baru", "kode_kawasan": "DPB", "diskor": true, "jarak_simpul_m": 122, "menit_jalan": 5, "lat": -6.3920572813044441, "lon": 106.82354793367952, "hex_induk": "888c107009fffff", "pop_100m": null, "pop_usia_produktif": null, "total_luas_bangunan_m2": null, "jumlah_bangunan": null, "rasio_tutupan_bangunan": null, "risiko_banjir_indeks_mean": null, "risiko_banjir_indeks_max": null, "n_kompetitor": 0, "n_simpul_transit": 0, "n_generator_keramaian": 0, "n_poi_terpadu": 0, "zona_peruntukan": null, "izin_perdagangan": true, "zonasi_diketahui": false, "n_menu_go": 0, "n_struk_go": 0, "n_properti_go": 0, "n_activity": 0, "n_titik_survei": 0, "harga_median": null, "belanja_median": null, "skor_ramai_rata": null, "n_titik_kring": 0, "znt_rp_per_m2": null, "ridership_simpul": 22931228.0, "indeks_churn": null, "IPT": 41.67, "IAE": null, "Kompetisi": null, "Biaya_Risiko": null, "opportunity_score": 41.67, "residual_biaya": null, "iptt": 2.63, "hidden_gem_score": 22.63, "kuadran": "potensi_rendah", "tingkat_keyakinan": "RENDAH", "versi_model": "loco-file-v1.0" }, "geometry": { "type": "Polygon", "coordinates": [ [ [ 106.825322040405538, -6.39249162867636 ], [ 106.824905880644593, -6.390760549380981 ], [ 106.823131758551582, -6.390326181914771 ], [ 106.821773800893283, -6.391622920736604 ], [ 106.82218998561234, -6.393354004143998 ], [ 106.823964103032054, -6.393788344618196 ], [ 106.825322040405538, -6.39249162867636 ] ] ] } },
{ "type": "Feature", "properties": { "hex_id": "898c107837bffff", "kawasan": "Manggarai", "kode_kawasan": "MGR", "diskor": true, "jarak_simpul_m": 163, "menit_jalan": 5, "lat": -6.2097748807417812, "lon": 106.85157280750427, "hex_induk": "888c107837fffff", "pop_100m": null, "pop_usia_produktif": null, "total_luas_bangunan_m2": null, "jumlah_bangunan": null, "rasio_tutupan_bangunan": null, "risiko_banjir_indeks_mean": null, "risiko_banjir_indeks_max": null, "n_kompetitor": 0, "n_simpul_transit": 0, "n_generator_keramaian": 0, "n_poi_terpadu": 0, "zona_peruntukan": null, "izin_perdagangan": true, "zonasi_diketahui": false, "n_menu_go": 0, "n_struk_go": 0, "n_properti_go": 0, "n_activity": 0, "n_titik_survei": 0, "harga_median": null, "belanja_median": null, "skor_ramai_rata": null, "n_titik_kring": 0, "znt_rp_per_m2": null, "ridership_simpul": 57517269.0, "indeks_churn": null, "IPT": 100.0, "IAE": null, "Kompetisi": null, "Biaya_Risiko": null, "opportunity_score": 100.0, "residual_biaya": null, "iptt": 50.0, "hidden_gem_score": 70.0, "kuadran": "potensi_tinggi", "tingkat_keyakinan": "RENDAH", "versi_model": "loco-file-v1.0" }, "geometry": { "type": "Polygon", "coordinates": [ [ [ 106.853347575946671, -6.210210992640937 ], [ 106.852931407219103, -6.20847660537767 ], [ 106.851156623384881, -6.208040473419049 ], [ 106.849798012925334, -6.209338755785961 ], [ 106.850214206654726, -6.211073147324255 ], [ 106.851988985842297, -6.211509252221254 ], [ 106.853347575946671, -6.210210992640937 ] ] ] } },
{ "type": "Feature", "properties": { "hex_id": "898c1078363ffff", "kawasan": "Manggarai", "kode_kawasan": "MGR", "diskor": true, "jarak_simpul_m": 206, "menit_jalan": 5, "lat": -6.2106370293699111, "lon": 106.84843940133307, "hex_induk": "888c107837fffff", "pop_100m": null, "pop_usia_produktif": null, "total_luas_bangunan_m2": null, "jumlah_bangunan": null, "rasio_tutupan_bangunan": null, "risiko_banjir_indeks_mean": null, "risiko_banjir_indeks_max": null, "n_kompetitor": 0, "n_simpul_transit": 0, "n_generator_keramaian": 0, "n_poi_terpadu": 0, "zona_peruntukan": null, "izin_perdagangan": true, "zonasi_diketahui": false, "n_menu_go": 0, "n_struk_go": 0, "n_properti_go": 0, "n_activity": 0, "n_titik_survei": 0, "harga_median": null, "belanja_median": null, "skor_ramai_rata": null, "n_titik_kring": 0, "znt_rp_per_m2": null, "ridership_simpul": 57517269.0, "indeks_churn": null, "IPT": 100.0, "IAE": null, "Kompetisi": null, "Biaya_Risiko": null, "opportunity_score": 100.0, "residual_biaya": null, "iptt": 50.0, "hidden_gem_score": 70.0, "kuadran": "potensi_tinggi", "tingkat_keyakinan": "RENDAH", "versi_model": "loco-file-v1.0" }, "geometry": { "type": "Polygon", "coordinates": [ [ [ 106.850214206654726, -6.211073147324255 ], [ 106.849798012925334, -6.209338755785961 ], [ 106.848023192212736, -6.208902617774317 ], [ 106.846664569880176, -6.210200898359068 ], [ 106.847080788609588, -6.211935294167445 ], [ 106.848855604671996, -6.212371405121632 ], [ 106.850214206654726, -6.211073147324255 ] ] ] } },
{ "type": "Feature", "properties": { "hex_id": "898c1070087ffff", "kawasan": "Depok Baru", "kode_kawasan": "DPB", "diskor": true, "jarak_simpul_m": 225, "menit_jalan": 5, "lat": -6.3898918012541515, "lon": 106.82135761039871, "hex_induk": "888c107009fffff", "pop_100m": null, "pop_usia_produktif": null, "total_luas_bangunan_m2": null, "jumlah_bangunan": null, "rasio_tutupan_bangunan": null, "risiko_banjir_indeks_mean": null, "risiko_banjir_indeks_max": null, "n_kompetitor": 0, "n_simpul_transit": 0, "n_generator_keramaian": 0, "n_poi_terpadu": 0, "zona_peruntukan": null, "izin_perdagangan": true, "zonasi_diketahui": false, "n_menu_go": 0, "n_struk_go": 0, "n_properti_go": 0, "n_activity": 0, "n_titik_survei": 0, "harga_median": null, "belanja_median": null, "skor_ramai_rata": null, "n_titik_kring": 0, "znt_rp_per_m2": null, "ridership_simpul": 22931228.0, "indeks_churn": null, "IPT": 41.67, "IAE": null, "Kompetisi": null, "Biaya_Risiko": null, "opportunity_score": 41.67, "residual_biaya": null, "iptt": 2.63, "hidden_gem_score": 22.63, "kuadran": "potensi_rendah", "tingkat_keyakinan": "RENDAH", "versi_model": "loco-file-v1.0" }, "geometry": { "type": "Polygon", "coordinates": [ [ [ 106.823131758551582, -6.390326181914771 ], [ 106.822715577648111, -6.388595046451492 ], [ 106.820941414128555, -6.388160645698938 ], [ 106.819583436188807, -6.389457407399944 ], [ 106.819999642049609, -6.391188546973678 ], [ 106.821773800893283, -6.391622920736604 ], [ 106.823131758551582, -6.390326181914771 ] ] ] } },
{ "type": "Feature", "properties": { "hex_id": "898c107836bffff", "kawasan": "Manggarai", "kode_kawasan": "MGR", "diskor": true, "jarak_simpul_m": 257, "menit_jalan": 5, "lat": -6.2076043284052904, "lon": 106.84938181341455, "hex_induk": "888c107837fffff", "pop_100m": null, "pop_usia_produktif": null, "total_luas_bangunan_m2": null, "jumlah_bangunan": null, "rasio_tutupan_bangunan": null, "risiko_banjir_indeks_mean": null, "risiko_banjir_indeks_max": null, "n_kompetitor": 0, "n_simpul_transit": 0, "n_generator_keramaian": 0, "n_poi_terpadu": 0, "zona_peruntukan": null, "izin_perdagangan": true, "zonasi_diketahui": false, "n_menu_go": 0, "n_struk_go": 0, "n_properti_go": 0, "n_activity": 0, "n_titik_survei": 0, "harga_median": null, "belanja_median": null, "skor_ramai_rata": null, "n_titik_kring": 0, "znt_rp_per_m2": null, "ridership_simpul": 57517269.0, "indeks_churn": null, "IPT": 100.0, "IAE": null, "Kompetisi": null, "Biaya_Risiko": null, "opportunity_score": 100.0, "residual_biaya": null, "iptt": 50.0, "hidden_gem_score": 70.0, "kuadran": "potensi_tinggi", "tingkat_keyakinan": "RENDAH", "versi_model": "loco-file-v1.0" }, "geometry": { "type": "Polygon", "coordinates": [ [ [ 106.851156623384881, -6.208040473419049 ], [ 106.850740433484091, -6.206306030255412 ], [ 106.848965608122271, -6.205869865184568 ], [ 106.847606977310932, -6.207168170337221 ], [ 106.848023192212736, -6.208902617774317 ], [ 106.849798012925334, -6.209338755785961 ], [ 106.851156623384881, -6.208040473419049 ] ] ] } },
{ "type": "Feature", "properties": { "hex_id": "898c107054bffff", "kawasan": "Depok Baru", "kode_kawasan": "DPB", "diskor": true, "jarak_simpul_m": 288, "menit_jalan": 5, "lat": -6.3929196504731962, "lon": 106.82041584213484, "hex_induk": "888c107055fffff", "pop_100m": null, "pop_usia_produktif": null, "total_luas_bangunan_m2": null, "jumlah_bangunan": null, "rasio_tutupan_bangunan": null, "risiko_banjir_indeks_mean": null, "risiko_banjir_indeks_max": null, "n_kompetitor": 0, "n_simpul_transit": 0, "n_generator_keramaian": 0, "n_poi_terpadu": 0, "zona_peruntukan": null, "izin_perdagangan": true, "zonasi_diketahui": false, "n_menu_go": 0, "n_struk_go": 0, "n_properti_go": 0, "n_activity": 0, "n_titik_survei": 0, "harga_median": null, "belanja_median": null, "skor_ramai_rata": null, "n_titik_kring": 0, "znt_rp_per_m2": null, "ridership_simpul": 22931228.0, "indeks_churn": null, "IPT": 41.67, "IAE": null, "Kompetisi": null, "Biaya_Risiko": null, "opportunity_score": 41.67, "residual_biaya": null, "iptt": 2.63, "hidden_gem_score": 22.63, "kuadran": "potensi_rendah", "tingkat_keyakinan": "RENDAH", "versi_model": "loco-file-v1.0" }, "geometry": { "type": "Polygon", "coordinates": [ [ [ 106.82218998561234, -6.393354004143998 ], [ 106.821773800893283, -6.391622920736604 ], [ 106.819999642049609, -6.391188546973678 ], [ 106.818641672602354, -6.392485283606629 ], [ 106.819057882277789, -6.394216371121106 ], [ 106.820832036444585, -6.394650717896193 ], [ 106.82218998561234, -6.393354004143998 ] ] ] } },
{ "type": "Feature", "properties": { "hex_id": "898c1078373ffff", "kawasan": "Manggarai", "kode_kawasan": "MGR", "diskor": true, "jarak_simpul_m": 340, "menit_jalan": 5, "lat": -6.2128075030178067, "lon": 106.85063039460276, "hex_induk": "888c107837fffff", "pop_100m": null, "pop_usia_produktif": null, "total_luas_bangunan_m2": null, "jumlah_bangunan": null, "rasio_tutupan_bangunan": null, "risiko_banjir_indeks_mean": null, "risiko_banjir_indeks_max": null, "n_kompetitor": 0, "n_simpul_transit": 0, "n_generator_keramaian": 0, "n_poi_terpadu": 0, "zona_peruntukan": null, "izin_perdagangan": true, "zonasi_diketahui": false, "n_menu_go": 0, "n_struk_go": 0, "n_properti_go": 0, "n_activity": 0, "n_titik_survei": 0, "harga_median": null, "belanja_median": null, "skor_ramai_rata": null, "n_titik_kring": 0, "znt_rp_per_m2": null, "ridership_simpul": 57517269.0, "indeks_churn": null, "IPT": 100.0, "IAE": null, "Kompetisi": null, "Biaya_Risiko": null, "opportunity_score": 100.0, "residual_biaya": null, "iptt": 50.0, "hidden_gem_score": 70.0, "kuadran": "potensi_tinggi", "tingkat_keyakinan": "RENDAH", "versi_model": "loco-file-v1.0" }, "geometry": { "type": "Polygon", "coordinates": [ [ [ 106.852405158399065, -6.213243587855133 ], [ 106.851988985842297, -6.211509252221254 ], [ 106.850214206654726, -6.211073147324255 ], [ 106.848855604671996, -6.212371405121632 ], [ 106.849271802229595, -6.214105745027156 ], [ 106.851046576769548, -6.214541822864293 ], [ 106.852405158399065, -6.213243587855133 ] ] ] } },
{ "type": "Feature", "properties": { "hex_id": "898c1070083ffff", "kawasan": "Depok Baru", "kode_kawasan": "DPB", "diskor": true, "jarak_simpul_m": 345, "menit_jalan": 5, "lat": -6.3890294340111229, "lon": 106.8244897151082, "hex_induk": "888c107009fffff", "pop_100m": null, "pop_usia_produktif": null, "total_luas_bangunan_m2": null, "jumlah_bangunan": null, "rasio_tutupan_bangunan": null, "risiko_banjir_indeks_mean": null, "risiko_banjir_indeks_max": null, "n_kompetitor": 0, "n_simpul_transit": 0, "n_generator_keramaian": 0, "n_poi_terpadu": 0, "zona_peruntukan": null, "izin_perdagangan": true, "zonasi_diketahui": false, "n_menu_go": 0, "n_struk_go": 0, "n_properti_go": 0, "n_activity": 0, "n_titik_survei": 0, "harga_median": null, "belanja_median": null, "skor_ramai_rata": null, "n_titik_kring": 0, "znt_rp_per_m2": null, "ridership_simpul": 22931228.0, "indeks_churn": null, "IPT": 41.67, "IAE": null, "Kompetisi": null, "Biaya_Risiko": null, "opportunity_score": 41.67, "residual_biaya": null, "iptt": 2.63, "hidden_gem_score": 22.63, "kuadran": "potensi_rendah", "tingkat_keyakinan": "RENDAH", "versi_model": "loco-file-v1.0" }, "geometry": { "type": "Polygon", "coordinates": [ [ [ 106.826263826506008, -6.389463808377025 ], [ 106.825847670561643, -6.387732677029103 ], [ 106.824073543796302, -6.387298282569117 ], [ 106.822715577648111, -6.388595046451492 ], [ 106.823131758551582, -6.390326181914771 ], [ 106.824905880644593, -6.390760549380981 ], [ 106.826263826506008, -6.389463808377025 ] ] ] } },
{ "type": "Feature", "properties": { "hex_id": "898c107055bffff", "kawasan": "Depok Baru", "kode_kawasan": "DPB", "diskor": true, "jarak_simpul_m": 399, "menit_jalan": 5, "lat": -6.3950850514740054, "lon": 106.82260616455599, "hex_induk": "888c107055fffff", "pop_100m": null, "pop_usia_produktif": null, "total_luas_bangunan_m2": null, "jumlah_bangunan": null, "rasio_tutupan_bangunan": null, "risiko_banjir_indeks_mean": null, "risiko_banjir_indeks_max": null, "n_kompetitor": 0, "n_simpul_transit": 0, "n_generator_keramaian": 0, "n_poi_terpadu": 0, "zona_peruntukan": null, "izin_perdagangan": true, "zonasi_diketahui": false, "n_menu_go": 0, "n_struk_go": 0, "n_properti_go": 0, "n_activity": 0, "n_titik_survei": 0, "harga_median": null, "belanja_median": null, "skor_ramai_rata": null, "n_titik_kring": 0, "znt_rp_per_m2": null, "ridership_simpul": 22931228.0, "indeks_churn": null, "IPT": 41.67, "IAE": null, "Kompetisi": null, "Biaya_Risiko": null, "opportunity_score": 41.67, "residual_biaya": null, "iptt": 2.63, "hidden_gem_score": 22.63, "kuadran": "potensi_rendah", "tingkat_keyakinan": "RENDAH", "versi_model": "loco-file-v1.0" }, "geometry": { "type": "Polygon", "coordinates": [ [ [ 106.824380266609211, -6.395519371853727 ], [ 106.823964103032054, -6.393788344618196 ], [ 106.82218998561234, -6.393354004143998 ], [ 106.820832036444585, -6.394650717896193 ], [ 106.821248224978916, -6.396381749240361 ], [ 106.823022337724296, -6.396816062724334 ], [ 106.824380266609211, -6.395519371853727 ] ] ] } },
{ "type": "Feature", "properties": { "hex_id": "898c1079cb7ffff", "kawasan": "Manggarai", "kode_kawasan": "MGR", "diskor": true, "jarak_simpul_m": 432, "menit_jalan": 10, "lat": -6.2067421822726248, "lon": 106.85251523271019, "hex_induk": "888c1079cbfffff", "pop_100m": null, "pop_usia_produktif": null, "total_luas_bangunan_m2": null, "jumlah_bangunan": null, "rasio_tutupan_bangunan": null, "risiko_banjir_indeks_mean": null, "risiko_banjir_indeks_max": null, "n_kompetitor": 0, "n_simpul_transit": 0, "n_generator_keramaian": 0, "n_poi_terpadu": 0, "zona_peruntukan": null, "izin_perdagangan": true, "zonasi_diketahui": false, "n_menu_go": 0, "n_struk_go": 0, "n_properti_go": 0, "n_activity": 0, "n_titik_survei": 0, "harga_median": null, "belanja_median": null, "skor_ramai_rata": null, "n_titik_kring": 0, "znt_rp_per_m2": null, "ridership_simpul": 57517269.0, "indeks_churn": null, "IPT": 79.17, "IAE": null, "Kompetisi": null, "Biaya_Risiko": null, "opportunity_score": 79.17, "residual_biaya": null, "iptt": 50.0, "hidden_gem_score": 70.0, "kuadran": "potensi_tinggi", "tingkat_keyakinan": "RENDAH", "versi_model": "loco-file-v1.0" }, "geometry": { "type": "Polygon", "coordinates": [ [ [ 106.854290005797722, -6.207178321235371 ], [ 106.853873840899695, -6.205443882350131 ], [ 106.852099052419831, -6.205007723328142 ], [ 106.850740433484091, -6.206306030255412 ], [ 106.851156623384881, -6.208040473419049 ], [ 106.852931407219103, -6.20847660537767 ], [ 106.854290005797722, -6.207178321235371 ] ] ] } },
{ "type": "Feature", "properties": { "hex_id": "898c107836fffff", "kawasan": "Manggarai", "kode_kawasan": "MGR", "diskor": true, "jarak_simpul_m": 451, "menit_jalan": 10, "lat": -6.2084664667077005, "lon": 106.84624834536929, "hex_induk": "888c107837fffff", "pop_100m": null, "pop_usia_produktif": null, "total_luas_bangunan_m2": null, "jumlah_bangunan": null, "rasio_tutupan_bangunan": null, "risiko_banjir_indeks_mean": null, "risiko_banjir_indeks_max": null, "n_kompetitor": 0, "n_simpul_transit": 0, "n_generator_keramaian": 0, "n_poi_terpadu": 0, "zona_peruntukan": null, "izin_perdagangan": true, "zonasi_diketahui": false, "n_menu_go": 0, "n_struk_go": 0, "n_properti_go": 0, "n_activity": 0, "n_titik_survei": 0, "harga_median": null, "belanja_median": null, "skor_ramai_rata": null, "n_titik_kring": 0, "znt_rp_per_m2": null, "ridership_simpul": 57517269.0, "indeks_churn": null, "IPT": 79.17, "IAE": null, "Kompetisi": null, "Biaya_Risiko": null, "opportunity_score": 79.17, "residual_biaya": null, "iptt": 50.0, "hidden_gem_score": 70.0, "kuadran": "potensi_tinggi", "tingkat_keyakinan": "RENDAH", "versi_model": "loco-file-v1.0" }, "geometry": { "type": "Polygon", "coordinates": [ [ [ 106.848023192212736, -6.208902617774317 ], [ 106.847606977310932, -6.207168170337221 ], [ 106.84583211507686, -6.206731999215677 ], [ 106.844473472397837, -6.208030302586939 ], [ 106.84488971229888, -6.209764754292572 ], [ 106.846664569880176, -6.210200898359068 ], [ 106.848023192212736, -6.208902617774317 ] ] ] } },
{ "type": "Feature", "properties": { "hex_id": "898c1070093ffff", "kawasan": "Depok Baru", "kode_kawasan": "DPB", "diskor": true, "jarak_simpul_m": 452, "menit_jalan": 10, "lat": -6.3911949036519413, "lon": 106.82667997667491, "hex_induk": "888c107009fffff", "pop_100m": null, "pop_usia_produktif": null, "total_luas_bangunan_m2": null, "jumlah_bangunan": null, "rasio_tutupan_bangunan": null, "risiko_banjir_indeks_mean": null, "risiko_banjir_indeks_max": null, "n_kompetitor": 0, "n_simpul_transit": 0, "n_generator_keramaian": 0, "n_poi_terpadu": 0, "zona_peruntukan": null, "izin_perdagangan": true, "zonasi_diketahui": false, "n_menu_go": 0, "n_struk_go": 0, "n_properti_go": 0, "n_activity": 0, "n_titik_survei": 0, "harga_median": null, "belanja_median": null, "skor_ramai_rata": null, "n_titik_kring": 0, "znt_rp_per_m2": null, "ridership_simpul": 22931228.0, "indeks_churn": null, "IPT": 20.83, "IAE": null, "Kompetisi": null, "Biaya_Risiko": null, "opportunity_score": 20.83, "residual_biaya": null, "iptt": 0.0, "hidden_gem_score": 10.53, "kuadran": "potensi_rendah", "tingkat_keyakinan": "RENDAH", "versi_model": "loco-file-v1.0" }, "geometry": { "type": "Polygon", "coordinates": [ [ [ 106.828454046639735, -6.391629244726833 ], [ 106.828037911838692, -6.389898169548361 ], [ 106.826263826506008, -6.389463808377025 ], [ 106.824905880644593, -6.390760549380981 ], [ 106.825322040405538, -6.39249162867636 ], [ 106.827096121068465, -6.392925962851534 ], [ 106.828454046639735, -6.391629244726833 ] ] ] } },
{ "type": "Feature", "properties": { "hex_id": "898c107042fffff", "kawasan": "Depok Baru", "kode_kawasan": "DPB", "diskor": true, "jarak_simpul_m": 460, "menit_jalan": 10, "lat": -6.3942226718949797, "lon": 106.82573819439111, "hex_induk": "888c107043fffff", "pop_100m": null, "pop_usia_produktif": null, "total_luas_bangunan_m2": null, "jumlah_bangunan": null, "rasio_tutupan_bangunan": null, "risiko_banjir_indeks_mean": null, "risiko_banjir_indeks_max": null, "n_kompetitor": 0, "n_simpul_transit": 0, "n_generator_keramaian": 0, "n_poi_terpadu": 0, "zona_peruntukan": null, "izin_perdagangan": true, "zonasi_diketahui": false, "n_menu_go": 0, "n_struk_go": 0, "n_properti_go": 0, "n_activity": 0, "n_titik_survei": 0, "harga_median": null, "belanja_median": null, "skor_ramai_rata": null, "n_titik_kring": 0, "znt_rp_per_m2": null, "ridership_simpul": 22931228.0, "indeks_churn": null, "IPT": 20.83, "IAE": null, "Kompetisi": null, "Biaya_Risiko": null, "opportunity_score": 20.83, "residual_biaya": null, "iptt": 0.0, "hidden_gem_score": 10.53, "kuadran": "potensi_rendah", "tingkat_keyakinan": "RENDAH", "versi_model": "loco-file-v1.0" }, "geometry": { "type": "Polygon", "coordinates": [ [ [ 106.827512259686713, -6.394656985973515 ], [ 106.827096121068465, -6.392925962851534 ], [ 106.825322040405538, -6.39249162867636 ], [ 106.823964103032054, -6.393788344618196 ], [ 106.824380266609211, -6.395519371853727 ], [ 106.826154342601399, -6.395953679034518 ], [ 106.827512259686713, -6.394656985973515 ] ] ] } },
{ "type": "Feature", "properties": { "hex_id": "898c1078347ffff", "kawasan": "Manggarai", "kode_kawasan": "MGR", "diskor": true, "jarak_simpul_m": 470, "menit_jalan": 10, "lat": -6.2119453440600845, "lon": 106.85376373889298, "hex_induk": "888c107835fffff", "pop_100m": null, "pop_usia_produktif": null, "total_luas_bangunan_m2": null, "jumlah_bangunan": null, "rasio_tutupan_bangunan": null, "risiko_banjir_indeks_mean": null, "risiko_banjir_indeks_max": null, "n_kompetitor": 0, "n_simpul_transit": 0, "n_generator_keramaian": 0, "n_poi_terpadu": 0, "zona_peruntukan": null, "izin_perdagangan": true, "zonasi_diketahui": false, "n_menu_go": 0, "n_struk_go": 0, "n_properti_go": 0, "n_activity": 0, "n_titik_survei": 0, "harga_median": null, "belanja_median": null, "skor_ramai_rata": null, "n_titik_kring": 0, "znt_rp_per_m2": null, "ridership_simpul": 57517269.0, "indeks_churn": null, "IPT": 79.17, "IAE": null, "Kompetisi": null, "Biaya_Risiko": null, "opportunity_score": 79.17, "residual_biaya": null, "iptt": 50.0, "hidden_gem_score": 70.0, "kuadran": "potensi_tinggi", "tingkat_keyakinan": "RENDAH", "versi_model": "loco-file-v1.0" }, "geometry": { "type": "Polygon", "coordinates": [ [ [ 106.855538465803946, -6.212381422839887 ], [ 106.855122318249769, -6.210647091482594 ], [ 106.853347575946671, -6.210210992640937 ], [ 106.851988985842297, -6.211509252221254 ], [ 106.852405158399065, -6.213243587855133 ], [ 106.854179896058099, -6.213679659632762 ], [ 106.855538465803946, -6.212381422839887 ] ] ] } },
{ "type": "Feature", "properties": { "hex_id": "898c10700b3ffff", "kawasan": "Depok Baru", "kode_kawasan": "DPB", "diskor": true, "jarak_simpul_m": 490, "menit_jalan": 10, "lat": -6.3907541600164803, "lon": 106.81822545715134, "hex_induk": "888c10700bfffff", "pop_100m": null, "pop_usia_produktif": null, "total_luas_bangunan_m2": null, "jumlah_bangunan": null, "rasio_tutupan_bangunan": null, "risiko_banjir_indeks_mean": null, "risiko_banjir_indeks_max": null, "n_kompetitor": 0, "n_simpul_transit": 0, "n_generator_keramaian": 0, "n_poi_terpadu": 0, "zona_peruntukan": null, "izin_perdagangan": true, "zonasi_diketahui": false, "n_menu_go": 0, "n_struk_go": 0, "n_properti_go": 0, "n_activity": 0, "n_titik_survei": 0, "harga_median": null, "belanja_median": null, "skor_ramai_rata": null, "n_titik_kring": 0, "znt_rp_per_m2": null, "ridership_simpul": 22931228.0, "indeks_churn": null, "IPT": 20.83, "IAE": null, "Kompetisi": null, "Biaya_Risiko": null, "opportunity_score": 20.83, "residual_biaya": null, "iptt": 0.0, "hidden_gem_score": 10.53, "kuadran": "potensi_rendah", "tingkat_keyakinan": "RENDAH", "versi_model": "loco-file-v1.0" }, "geometry": { "type": "Polygon", "coordinates": [ [ [ 106.819999642049609, -6.391188546973678 ], [ 106.819583436188807, -6.389457407399944 ], [ 106.817809235924699, -6.389023000352973 ], [ 106.816451246201311, -6.390319759865847 ], [ 106.816867477017695, -6.392050903545118 ], [ 106.818641672602354, -6.392485283606629 ], [ 106.819999642049609, -6.391188546973678 ] ] ] } },
{ "type": "Feature", "properties": { "hex_id": "898c107008fffff", "kawasan": "Depok Baru", "kode_kawasan": "DPB", "diskor": true, "jarak_simpul_m": 517, "menit_jalan": 10, "lat": -6.3868638749169024, "lon": 106.82229939096905, "hex_induk": "888c107009fffff", "pop_100m": null, "pop_usia_produktif": null, "total_luas_bangunan_m2": null, "jumlah_bangunan": null, "rasio_tutupan_bangunan": null, "risiko_banjir_indeks_mean": null, "risiko_banjir_indeks_max": null, "n_kompetitor": 0, "n_simpul_transit": 0, "n_generator_keramaian": 0, "n_poi_terpadu": 0, "zona_peruntukan": null, "izin_perdagangan": true, "zonasi_diketahui": false, "n_menu_go": 0, "n_struk_go": 0, "n_properti_go": 0, "n_activity": 0, "n_titik_survei": 0, "harga_median": null, "belanja_median": null, "skor_ramai_rata": null, "n_titik_kring": 0, "znt_rp_per_m2": null, "ridership_simpul": 22931228.0, "indeks_churn": null, "IPT": 20.83, "IAE": null, "Kompetisi": null, "Biaya_Risiko": null, "opportunity_score": 20.83, "residual_biaya": null, "iptt": 0.0, "hidden_gem_score": 10.53, "kuadran": "potensi_rendah", "tingkat_keyakinan": "RENDAH", "versi_model": "loco-file-v1.0" }, "geometry": { "type": "Polygon", "coordinates": [ [ [ 106.824073543796302, -6.387298282569117 ], [ 106.823657366708801, -6.385567095057257 ], [ 106.821883198514342, -6.385132667313314 ], [ 106.820525212082742, -6.386429454073269 ], [ 106.820941414128555, -6.388160645698938 ], [ 106.822715577648111, -6.388595046451492 ], [ 106.824073543796302, -6.387298282569117 ] ] ] } },
{ "type": "Feature", "properties": { "hex_id": "898c1078377ffff", "kawasan": "Manggarai", "kode_kawasan": "MGR", "diskor": true, "jarak_simpul_m": 518, "menit_jalan": 10, "lat": -6.2136696541304817, "lon": 106.84749700155763, "hex_induk": "888c107837fffff", "pop_100m": null, "pop_usia_produktif": null, "total_luas_bangunan_m2": null, "jumlah_bangunan": null, "rasio_tutupan_bangunan": null, "risiko_banjir_indeks_mean": null, "risiko_banjir_indeks_max": null, "n_kompetitor": 0, "n_simpul_transit": 0, "n_generator_keramaian": 0, "n_poi_terpadu": 0, "zona_peruntukan": null, "izin_perdagangan": true, "zonasi_diketahui": false, "n_menu_go": 0, "n_struk_go": 0, "n_properti_go": 0, "n_activity": 0, "n_titik_survei": 0, "harga_median": null, "belanja_median": null, "skor_ramai_rata": null, "n_titik_kring": 0, "znt_rp_per_m2": null, "ridership_simpul": 57517269.0, "indeks_churn": null, "IPT": 79.17, "IAE": null, "Kompetisi": null, "Biaya_Risiko": null, "opportunity_score": 79.17, "residual_biaya": null, "iptt": 50.0, "hidden_gem_score": 70.0, "kuadran": "potensi_tinggi", "tingkat_keyakinan": "RENDAH", "versi_model": "loco-file-v1.0" }, "geometry": { "type": "Polygon", "coordinates": [ [ [ 106.849271802229595, -6.214105745027156 ], [ 106.848855604671996, -6.212371405121632 ], [ 106.847080788609588, -6.211935294167445 ], [ 106.84572217475646, -6.21323355017512 ], [ 106.846138397313126, -6.214967894347361 ], [ 106.847913208724336, -6.215403978245849 ], [ 106.849271802229595, -6.214105745027156 ] ] ] } },
{ "type": "Feature", "properties": { "hex_id": "898c107834fffff", "kawasan": "Manggarai", "kode_kawasan": "MGR", "diskor": true, "jarak_simpul_m": 519, "menit_jalan": 10, "lat": -6.2089127242803119, "lon": 106.85470616491438, "hex_induk": "888c107835fffff", "pop_100m": null, "pop_usia_produktif": null, "total_luas_bangunan_m2": null, "jumlah_bangunan": null, "rasio_tutupan_bangunan": null, "risiko_banjir_indeks_mean": null, "risiko_banjir_indeks_max": null, "n_kompetitor": 0, "n_simpul_transit": 0, "n_generator_keramaian": 0, "n_poi_terpadu": 0, "zona_peruntukan": null, "izin_perdagangan": true, "zonasi_diketahui": false, "n_menu_go": 0, "n_struk_go": 0, "n_properti_go": 0, "n_activity": 0, "n_titik_survei": 0, "harga_median": null, "belanja_median": null, "skor_ramai_rata": null, "n_titik_kring": 0, "znt_rp_per_m2": null, "ridership_simpul": 57517269.0, "indeks_churn": null, "IPT": 79.17, "IAE": null, "Kompetisi": null, "Biaya_Risiko": null, "opportunity_score": 79.17, "residual_biaya": null, "iptt": 50.0, "hidden_gem_score": 70.0, "kuadran": "potensi_tinggi", "tingkat_keyakinan": "RENDAH", "versi_model": "loco-file-v1.0" }, "geometry": { "type": "Polygon", "coordinates": [ [ [ 106.856480896467886, -6.209348830126118 ], [ 106.856064752743862, -6.207614447142813 ], [ 106.854290005797722, -6.207178321235371 ], [ 106.852931407219103, -6.20847660537767 ], [ 106.853347575946671, -6.210210992640937 ], [ 106.855122318249769, -6.210647091482594 ], [ 106.856480896467886, -6.209348830126118 ] ] ] } },
{ "type": "Feature", "properties": { "hex_id": "898c1078367ffff", "kawasan": "Manggarai", "kode_kawasan": "MGR", "diskor": true, "jarak_simpul_m": 563, "menit_jalan": 10, "lat": -6.2114991701560847, "lon": 106.84530594641841, "hex_induk": "888c107837fffff", "pop_100m": null, "pop_usia_produktif": null, "total_luas_bangunan_m2": null, "jumlah_bangunan": null, "rasio_tutupan_bangunan": null, "risiko_banjir_indeks_mean": null, "risiko_banjir_indeks_max": null, "n_kompetitor": 0, "n_simpul_transit": 0, "n_generator_keramaian": 0, "n_poi_terpadu": 0, "zona_peruntukan": null, "izin_perdagangan": true, "zonasi_diketahui": false, "n_menu_go": 0, "n_struk_go": 0, "n_properti_go": 0, "n_activity": 0, "n_titik_survei": 0, "harga_median": null, "belanja_median": null, "skor_ramai_rata": null, "n_titik_kring": 0, "znt_rp_per_m2": null, "ridership_simpul": 57517269.0, "indeks_churn": null, "IPT": 79.17, "IAE": null, "Kompetisi": null, "Biaya_Risiko": null, "opportunity_score": 79.17, "residual_biaya": null, "iptt": 50.0, "hidden_gem_score": 70.0, "kuadran": "potensi_tinggi", "tingkat_keyakinan": "RENDAH", "versi_model": "loco-file-v1.0" }, "geometry": { "type": "Polygon", "coordinates": [ [ [ 106.847080788609588, -6.211935294167445 ], [ 106.846664569880176, -6.210200898359068 ], [ 106.84488971229888, -6.209764754292572 ], [ 106.84353107810125, -6.211063033088389 ], [ 106.843947321828949, -6.212797433161916 ], [ 106.84572217475646, -6.21323355017512 ], [ 106.847080788609588, -6.211935294167445 ] ] ] } },
{ "type": "Feature", "properties": { "hex_id": "898c10700bbffff", "kawasan": "Depok Baru", "kode_kawasan": "DPB", "diskor": true, "jarak_simpul_m": 566, "menit_jalan": 10, "lat": -6.3877262317542991, "lon": 106.81916722455236, "hex_induk": "888c10700bfffff", "pop_100m": null, "pop_usia_produktif": null, "total_luas_bangunan_m2": null, "jumlah_bangunan": null, "rasio_tutupan_bangunan": null, "risiko_banjir_indeks_mean": null, "risiko_banjir_indeks_max": null, "n_kompetitor": 0, "n_simpul_transit": 0, "n_generator_keramaian": 0, "n_poi_terpadu": 0, "zona_peruntukan": null, "izin_perdagangan": true, "zonasi_diketahui": false, "n_menu_go": 0, "n_struk_go": 0, "n_properti_go": 0, "n_activity": 0, "n_titik_survei": 0, "harga_median": null, "belanja_median": null, "skor_ramai_rata": null, "n_titik_kring": 0, "znt_rp_per_m2": null, "ridership_simpul": 22931228.0, "indeks_churn": null, "IPT": 20.83, "IAE": null, "Kompetisi": null, "Biaya_Risiko": null, "opportunity_score": 20.83, "residual_biaya": null, "iptt": 0.0, "hidden_gem_score": 10.53, "kuadran": "potensi_rendah", "tingkat_keyakinan": "RENDAH", "versi_model": "loco-file-v1.0" }, "geometry": { "type": "Polygon", "coordinates": [ [ [ 106.820941414128555, -6.388160645698938 ], [ 106.820525212082742, -6.386429454073269 ], [ 106.818751007140193, -6.385995020039063 ], [ 106.817393008922352, -6.387291804618409 ], [ 106.817809235924699, -6.389023000352973 ], [ 106.819583436188807, -6.389457407399944 ], [ 106.820941414128555, -6.388160645698938 ] ] ] } },
{ "type": "Feature", "properties": { "hex_id": "898c1079dd3ffff", "kawasan": "Manggarai", "kode_kawasan": "MGR", "diskor": true, "jarak_simpul_m": 582, "menit_jalan": 10, "lat": -6.2054336870609266, "lon": 106.84719075662757, "hex_induk": "888c1079ddfffff", "pop_100m": null, "pop_usia_produktif": null, "total_luas_bangunan_m2": null, "jumlah_bangunan": null, "rasio_tutupan_bangunan": null, "risiko_banjir_indeks_mean": null, "risiko_banjir_indeks_max": null, "n_kompetitor": 0, "n_simpul_transit": 0, "n_generator_keramaian": 0, "n_poi_terpadu": 0, "zona_peruntukan": null, "izin_perdagangan": true, "zonasi_diketahui": false, "n_menu_go": 0, "n_struk_go": 0, "n_properti_go": 0, "n_activity": 0, "n_titik_survei": 0, "harga_median": null, "belanja_median": null, "skor_ramai_rata": null, "n_titik_kring": 0, "znt_rp_per_m2": null, "ridership_simpul": 57517269.0, "indeks_churn": null, "IPT": 79.17, "IAE": null, "Kompetisi": null, "Biaya_Risiko": null, "opportunity_score": 79.17, "residual_biaya": null, "iptt": 50.0, "hidden_gem_score": 70.0, "kuadran": "potensi_tinggi", "tingkat_keyakinan": "RENDAH", "versi_model": "loco-file-v1.0" }, "geometry": { "type": "Polygon", "coordinates": [ [ [ 106.848965608122271, -6.205869865184568 ], [ 106.84854939704843, -6.204135366126132 ], [ 106.846774530162563, -6.203699167947813 ], [ 106.845415879002786, -6.204997495885348 ], [ 106.84583211507686, -6.206731999215677 ], [ 106.847606977310932, -6.207168170337221 ], [ 106.848965608122271, -6.205869865184568 ] ] ] } },
{ "type": "Feature", "properties": { "hex_id": "898c1079ca7ffff", "kawasan": "Manggarai", "kode_kawasan": "MGR", "diskor": true, "jarak_simpul_m": 582, "menit_jalan": 10, "lat": -6.2045715512531947, "lon": 106.8503242378018, "hex_induk": "888c1079cbfffff", "pop_100m": null, "pop_usia_produktif": null, "total_luas_bangunan_m2": null, "jumlah_bangunan": null, "rasio_tutupan_bangunan": null, "risiko_banjir_indeks_mean": null, "risiko_banjir_indeks_max": null, "n_kompetitor": 0, "n_simpul_transit": 0, "n_generator_keramaian": 0, "n_poi_terpadu": 0, "zona_peruntukan": null, "izin_perdagangan": true, "zonasi_diketahui": false, "n_menu_go": 0, "n_struk_go": 0, "n_properti_go": 0, "n_activity": 0, "n_titik_survei": 0, "harga_median": null, "belanja_median": null, "skor_ramai_rata": null, "n_titik_kring": 0, "znt_rp_per_m2": null, "ridership_simpul": 57517269.0, "indeks_churn": null, "IPT": 79.17, "IAE": null, "Kompetisi": null, "Biaya_Risiko": null, "opportunity_score": 79.17, "residual_biaya": null, "iptt": 50.0, "hidden_gem_score": 70.0, "kuadran": "potensi_tinggi", "tingkat_keyakinan": "RENDAH", "versi_model": "loco-file-v1.0" }, "geometry": { "type": "Polygon", "coordinates": [ [ [ 106.852099052419831, -6.205007723328142 ], [ 106.851682866347971, -6.203273228546556 ], [ 106.849908036337936, -6.202837036414754 ], [ 106.84854939704843, -6.204135366126132 ], [ 106.848965608122271, -6.205869865184568 ], [ 106.850740433484091, -6.206306030255412 ], [ 106.852099052419831, -6.205007723328142 ] ] ] } },
{ "type": "Feature", "properties": { "hex_id": "898c1070543ffff", "kawasan": "Depok Baru", "kode_kawasan": "DPB", "diskor": true, "jarak_simpul_m": 603, "menit_jalan": 10, "lat": -6.3959474225576143, "lon": 106.81947408617773, "hex_induk": "888c107055fffff", "pop_100m": null, "pop_usia_produktif": null, "total_luas_bangunan_m2": null, "jumlah_bangunan": null, "rasio_tutupan_bangunan": null, "risiko_banjir_indeks_mean": null, "risiko_banjir_indeks_max": null, "n_kompetitor": 0, "n_simpul_transit": 0, "n_generator_keramaian": 0, "n_poi_terpadu": 0, "zona_peruntukan": null, "izin_perdagangan": true, "zonasi_diketahui": false, "n_menu_go": 0, "n_struk_go": 0, "n_properti_go": 0, "n_activity": 0, "n_titik_survei": 0, "harga_median": null, "belanja_median": null, "skor_ramai_rata": null, "n_titik_kring": 0, "znt_rp_per_m2": null, "ridership_simpul": 22931228.0, "indeks_churn": null, "IPT": 20.83, "IAE": null, "Kompetisi": null, "Biaya_Risiko": null, "opportunity_score": 20.83, "residual_biaya": null, "iptt": 0.0, "hidden_gem_score": 10.53, "kuadran": "potensi_rendah", "tingkat_keyakinan": "RENDAH", "versi_model": "loco-file-v1.0" }, "geometry": { "type": "Polygon", "coordinates": [ [ [ 106.821248224978916, -6.396381749240361 ], [ 106.820832036444585, -6.394650717896193 ], [ 106.819057882277789, -6.394216371121106 ], [ 106.817699921323623, -6.395513082676904 ], [ 106.818116134813351, -6.397244118124812 ], [ 106.819890284302275, -6.397678437913831 ], [ 106.821248224978916, -6.396381749240361 ] ] ] } },
{ "type": "Feature", "properties": { "hex_id": "898c107054fffff", "kawasan": "Depok Baru", "kode_kawasan": "DPB", "diskor": true, "jarak_simpul_m": 640, "menit_jalan": 10, "lat": -6.3937820111495745, "lon": 106.81728370205845, "hex_induk": "888c107055fffff", "pop_100m": null, "pop_usia_produktif": null, "total_luas_bangunan_m2": null, "jumlah_bangunan": null, "rasio_tutupan_bangunan": null, "risiko_banjir_indeks_mean": null, "risiko_banjir_indeks_max": null, "n_kompetitor": 0, "n_simpul_transit": 0, "n_generator_keramaian": 0, "n_poi_terpadu": 0, "zona_peruntukan": null, "izin_perdagangan": true, "zonasi_diketahui": false, "n_menu_go": 0, "n_struk_go": 0, "n_properti_go": 0, "n_activity": 0, "n_titik_survei": 0, "harga_median": null, "belanja_median": null, "skor_ramai_rata": null, "n_titik_kring": 0, "znt_rp_per_m2": null, "ridership_simpul": 22931228.0, "indeks_churn": null, "IPT": 20.83, "IAE": null, "Kompetisi": null, "Biaya_Risiko": null, "opportunity_score": 20.83, "residual_biaya": null, "iptt": 0.0, "hidden_gem_score": 10.53, "kuadran": "potensi_rendah", "tingkat_keyakinan": "RENDAH", "versi_model": "loco-file-v1.0" }, "geometry": { "type": "Polygon", "coordinates": [ [ [ 106.819057882277789, -6.394216371121106 ], [ 106.818641672602354, -6.392485283606629 ], [ 106.816867477017695, -6.392050903545118 ], [ 106.815509495789385, -6.393347637982429 ], [ 106.815925730419423, -6.395078729599081 ], [ 106.817699921323623, -6.395513082676904 ], [ 106.819057882277789, -6.394216371121106 ] ] ] } },
{ "type": "Feature", "properties": { "hex_id": "898c107830bffff", "kawasan": "Manggarai", "kode_kawasan": "MGR", "diskor": true, "jarak_simpul_m": 650, "menit_jalan": 10, "lat": -6.2149778876410711, "lon": 106.85282132517465, "hex_induk": "888c107831fffff", "pop_100m": null, "pop_usia_produktif": null, "total_luas_bangunan_m2": null, "jumlah_bangunan": null, "rasio_tutupan_bangunan": null, "risiko_banjir_indeks_mean": null, "risiko_banjir_indeks_max": null, "n_kompetitor": 0, "n_simpul_transit": 0, "n_generator_keramaian": 0, "n_poi_terpadu": 0, "zona_peruntukan": null, "izin_perdagangan": true, "zonasi_diketahui": false, "n_menu_go": 0, "n_struk_go": 0, "n_properti_go": 0, "n_activity": 0, "n_titik_survei": 0, "harga_median": null, "belanja_median": null, "skor_ramai_rata": null, "n_titik_kring": 0, "znt_rp_per_m2": null, "ridership_simpul": 57517269.0, "indeks_churn": null, "IPT": 79.17, "IAE": null, "Kompetisi": null, "Biaya_Risiko": null, "opportunity_score": 79.17, "residual_biaya": null, "iptt": 50.0, "hidden_gem_score": 70.0, "kuadran": "potensi_tinggi", "tingkat_keyakinan": "RENDAH", "versi_model": "loco-file-v1.0" }, "geometry": { "type": "Polygon", "coordinates": [ [ [ 106.854596047442087, -6.21541393935663 ], [ 106.854179896058099, -6.213679659632762 ], [ 106.852405158399065, -6.213243587855133 ], [ 106.851046576769548, -6.214541822864293 ], [ 106.851462753155147, -6.21627610686137 ], [ 106.853237486169121, -6.216712151576727 ], [ 106.854596047442087, -6.21541393935663 ] ] ] } },
{ "type": "Feature", "properties": { "hex_id": "898c107009bffff", "kawasan": "Depok Baru", "kode_kawasan": "DPB", "diskor": true, "jarak_simpul_m": 667, "menit_jalan": 10, "lat": -6.3881670582960259, "lon": 106.82762177126224, "hex_induk": "888c107009fffff", "pop_100m": null, "pop_usia_produktif": null, "total_luas_bangunan_m2": null, "jumlah_bangunan": null, "rasio_tutupan_bangunan": null, "risiko_banjir_indeks_mean": null, "risiko_banjir_indeks_max": null, "n_kompetitor": 0, "n_simpul_transit": 0, "n_generator_keramaian": 0, "n_poi_terpadu": 0, "zona_peruntukan": null, "izin_perdagangan": true, "zonasi_diketahui": false, "n_menu_go": 0, "n_struk_go": 0, "n_properti_go": 0, "n_activity": 0, "n_titik_survei": 0, "harga_median": null, "belanja_median": null, "skor_ramai_rata": null, "n_titik_kring": 0, "znt_rp_per_m2": null, "ridership_simpul": 22931228.0, "indeks_churn": null, "IPT": 20.83, "IAE": null, "Kompetisi": null, "Biaya_Risiko": null, "opportunity_score": 20.83, "residual_biaya": null, "iptt": 0.0, "hidden_gem_score": 10.53, "kuadran": "potensi_rendah", "tingkat_keyakinan": "RENDAH", "versi_model": "loco-file-v1.0" }, "geometry": { "type": "Polygon", "coordinates": [ [ [ 106.829395845895306, -6.388601426369056 ], [ 106.82897971491181, -6.386870299141399 ], [ 106.827205624910363, -6.386435910972129 ], [ 106.825847670561643, -6.387732677029103 ], [ 106.826263826506008, -6.389463808377025 ], [ 106.828037911838692, -6.389898169548361 ], [ 106.829395845895306, -6.388601426369056 ] ] ] } },
{ "type": "Feature", "properties": { "hex_id": "898c107830fffff", "kawasan": "Manggarai", "kode_kawasan": "MGR", "diskor": true, "jarak_simpul_m": 673, "menit_jalan": 10, "lat": -6.2158400490841315, "lon": 106.84968799400595, "hex_induk": "888c107831fffff", "pop_100m": null, "pop_usia_produktif": null, "total_luas_bangunan_m2": null, "jumlah_bangunan": null, "rasio_tutupan_bangunan": null, "risiko_banjir_indeks_mean": null, "risiko_banjir_indeks_max": null, "n_kompetitor": 0, "n_simpul_transit": 0, "n_generator_keramaian": 0, "n_poi_terpadu": 0, "zona_peruntukan": null, "izin_perdagangan": true, "zonasi_diketahui": false, "n_menu_go": 0, "n_struk_go": 0, "n_properti_go": 0, "n_activity": 0, "n_titik_survei": 0, "harga_median": null, "belanja_median": null, "skor_ramai_rata": null, "n_titik_kring": 0, "znt_rp_per_m2": null, "ridership_simpul": 57517269.0, "indeks_churn": null, "IPT": 79.17, "IAE": null, "Kompetisi": null, "Biaya_Risiko": null, "opportunity_score": 79.17, "residual_biaya": null, "iptt": 50.0, "hidden_gem_score": 70.0, "kuadran": "potensi_tinggi", "tingkat_keyakinan": "RENDAH", "versi_model": "loco-file-v1.0" }, "geometry": { "type": "Polygon", "coordinates": [ [ [ 106.851462753155147, -6.21627610686137 ], [ 106.851046576769548, -6.214541822864293 ], [ 106.849271802229595, -6.214105745027156 ], [ 106.847913208724336, -6.215403978245849 ], [ 106.848329410109784, -6.217138266511182 ], [ 106.850104180001111, -6.217574317290217 ], [ 106.851462753155147, -6.21627610686137 ] ] ] } },
{ "type": "Feature", "properties": { "hex_id": "898c1070427ffff", "kawasan": "Depok Baru", "kode_kawasan": "DPB", "diskor": true, "jarak_simpul_m": 684, "menit_jalan": 10, "lat": -6.3972503630087179, "lon": 106.82479642441109, "hex_induk": "888c107043fffff", "pop_100m": null, "pop_usia_produktif": null, "total_luas_bangunan_m2": null, "jumlah_bangunan": null, "rasio_tutupan_bangunan": null, "risiko_banjir_indeks_mean": null, "risiko_banjir_indeks_max": null, "n_kompetitor": 0, "n_simpul_transit": 0, "n_generator_keramaian": 0, "n_poi_terpadu": 0, "zona_peruntukan": null, "izin_perdagangan": true, "zonasi_diketahui": false, "n_menu_go": 0, "n_struk_go": 0, "n_properti_go": 0, "n_activity": 0, "n_titik_survei": 0, "harga_median": null, "belanja_median": null, "skor_ramai_rata": null, "n_titik_kring": 0, "znt_rp_per_m2": null, "ridership_simpul": 22931228.0, "indeks_churn": null, "IPT": 20.83, "IAE": null, "Kompetisi": null, "Biaya_Risiko": null, "opportunity_score": 20.83, "residual_biaya": null, "iptt": 0.0, "hidden_gem_score": 10.53, "kuadran": "potensi_rendah", "tingkat_keyakinan": "RENDAH", "versi_model": "loco-file-v1.0" }, "geometry": { "type": "Polygon", "coordinates": [ [ [ 106.826570485036484, -6.39768465009267 ], [ 106.826154342601399, -6.395953679034518 ], [ 106.824380266609211, -6.395519371853727 ], [ 106.823022337724296, -6.396816062724334 ], [ 106.823438505117309, -6.398547037892685 ], [ 106.825212576437778, -6.39898131808087 ], [ 106.826570485036484, -6.39768465009267 ] ] ] } },
{ "type": "Feature", "properties": { "hex_id": "898c107008bffff", "kawasan": "Depok Baru", "kode_kawasan": "DPB", "diskor": true, "jarak_simpul_m": 687, "menit_jalan": 10, "lat": -6.3860015096104732, "lon": 106.82543150884175, "hex_induk": "888c107009fffff", "pop_100m": null, "pop_usia_produktif": null, "total_luas_bangunan_m2": null, "jumlah_bangunan": null, "rasio_tutupan_bangunan": null, "risiko_banjir_indeks_mean": null, "risiko_banjir_indeks_max": null, "n_kompetitor": 0, "n_simpul_transit": 0, "n_generator_keramaian": 0, "n_poi_terpadu": 0, "zona_peruntukan": null, "izin_perdagangan": true, "zonasi_diketahui": false, "n_menu_go": 0, "n_struk_go": 0, "n_properti_go": 0, "n_activity": 0, "n_titik_survei": 0, "harga_median": null, "belanja_median": null, "skor_ramai_rata": null, "n_titik_kring": 0, "znt_rp_per_m2": null, "ridership_simpul": 22931228.0, "indeks_churn": null, "IPT": 20.83, "IAE": null, "Kompetisi": null, "Biaya_Risiko": null, "opportunity_score": 20.83, "residual_biaya": null, "iptt": 0.0, "hidden_gem_score": 10.53, "kuadran": "potensi_rendah", "tingkat_keyakinan": "RENDAH", "versi_model": "loco-file-v1.0" }, "geometry": { "type": "Polygon", "coordinates": [ [ [ 106.827205624910363, -6.386435910972129 ], [ 106.826789472782934, -6.384704727578981 ], [ 106.825015341346258, -6.384270306123452 ], [ 106.823657366708801, -6.385567095057257 ], [ 106.824073543796302, -6.387298282569117 ], [ 106.825847670561643, -6.387732677029103 ], [ 106.827205624910363, -6.386435910972129 ] ] ] } },
{ "type": "Feature", "properties": { "hex_id": "898c107042bffff", "kawasan": "Depok Baru", "kode_kawasan": "DPB", "diskor": true, "jarak_simpul_m": 723, "menit_jalan": 10, "lat": -6.3933602838291437, "lon": 106.82887017566549, "hex_induk": "888c107043fffff", "pop_100m": null, "pop_usia_produktif": null, "total_luas_bangunan_m2": null, "jumlah_bangunan": null, "rasio_tutupan_bangunan": null, "risiko_banjir_indeks_mean": null, "risiko_banjir_indeks_max": null, "n_kompetitor": 0, "n_simpul_transit": 0, "n_generator_keramaian": 0, "n_poi_terpadu": 0, "zona_peruntukan": null, "izin_perdagangan": true, "zonasi_diketahui": false, "n_menu_go": 0, "n_struk_go": 0, "n_properti_go": 0, "n_activity": 0, "n_titik_survei": 0, "harga_median": null, "belanja_median": null, "skor_ramai_rata": null, "n_titik_kring": 0, "znt_rp_per_m2": null, "ridership_simpul": 22931228.0, "indeks_churn": null, "IPT": 20.83, "IAE": null, "Kompetisi": null, "Biaya_Risiko": null, "opportunity_score": 20.83, "residual_biaya": null, "iptt": 0.0, "hidden_gem_score": 10.53, "kuadran": "potensi_rendah", "tingkat_keyakinan": "RENDAH", "versi_model": "loco-file-v1.0" }, "geometry": { "type": "Polygon", "coordinates": [ [ [ 106.830644204193788, -6.393794591608366 ], [ 106.83022809053621, -6.392063572604846 ], [ 106.828454046639735, -6.391629244726833 ], [ 106.827096121068465, -6.392925962851534 ], [ 106.827512259686713, -6.394656985973515 ], [ 106.829286298916003, -6.395091286852981 ], [ 106.830644204193788, -6.393794591608366 ] ] ] } },
{ "type": "Feature", "properties": { "hex_id": "898c1070553ffff", "kawasan": "Depok Baru", "kode_kawasan": "DPB", "diskor": true, "jarak_simpul_m": 743, "menit_jalan": 10, "lat": -6.3981127445033872, "lon": 106.82166440773788, "hex_induk": "888c107055fffff", "pop_100m": null, "pop_usia_produktif": null, "total_luas_bangunan_m2": null, "jumlah_bangunan": null, "rasio_tutupan_bangunan": null, "risiko_banjir_indeks_mean": null, "risiko_banjir_indeks_max": null, "n_kompetitor": 0, "n_simpul_transit": 0, "n_generator_keramaian": 0, "n_poi_terpadu": 0, "zona_peruntukan": null, "izin_perdagangan": true, "zonasi_diketahui": false, "n_menu_go": 0, "n_struk_go": 0, "n_properti_go": 0, "n_activity": 0, "n_titik_survei": 0, "harga_median": null, "belanja_median": null, "skor_ramai_rata": null, "n_titik_kring": 0, "znt_rp_per_m2": null, "ridership_simpul": 22931228.0, "indeks_churn": null, "IPT": 20.83, "IAE": null, "Kompetisi": null, "Biaya_Risiko": null, "opportunity_score": 20.83, "residual_biaya": null, "iptt": 0.0, "hidden_gem_score": 10.53, "kuadran": "potensi_rendah", "tingkat_keyakinan": "RENDAH", "versi_model": "loco-file-v1.0" }, "geometry": { "type": "Polygon", "coordinates": [ [ [ 106.823438505117309, -6.398547037892685 ], [ 106.823022337724296, -6.396816062724334 ], [ 106.821248224978916, -6.396381749240361 ], [ 106.819890284302275, -6.397678437913831 ], [ 106.820306476651481, -6.399409417187452 ], [ 106.822080584721604, -6.399843703682991 ], [ 106.823438505117309, -6.398547037892685 ] ] ] } },
{ "type": "Feature", "properties": { "hex_id": "898c1079cb3ffff", "kawasan": "Manggarai", "kode_kawasan": "MGR", "diskor": true, "jarak_simpul_m": 752, "menit_jalan": 10, "lat": -6.2058800283183295, "lon": 106.85564860323858, "hex_induk": "888c1079cbfffff", "pop_100m": null, "pop_usia_produktif": null, "total_luas_bangunan_m2": null, "jumlah_bangunan": null, "rasio_tutupan_bangunan": null, "risiko_banjir_indeks_mean": null, "risiko_banjir_indeks_max": null, "n_kompetitor": 0, "n_simpul_transit": 0, "n_generator_keramaian": 0, "n_poi_terpadu": 0, "zona_peruntukan": null, "izin_perdagangan": true, "zonasi_diketahui": false, "n_menu_go": 0, "n_struk_go": 0, "n_properti_go": 0, "n_activity": 0, "n_titik_survei": 0, "harga_median": null, "belanja_median": null, "skor_ramai_rata": null, "n_titik_kring": 0, "znt_rp_per_m2": null, "ridership_simpul": 57517269.0, "indeks_churn": null, "IPT": 79.17, "IAE": null, "Kompetisi": null, "Biaya_Risiko": null, "opportunity_score": 79.17, "residual_biaya": null, "iptt": 50.0, "hidden_gem_score": 70.0, "kuadran": "potensi_tinggi", "tingkat_keyakinan": "RENDAH", "versi_model": "loco-file-v1.0" }, "geometry": { "type": "Polygon", "coordinates": [ [ [ 106.857423339433623, -6.206316161231891 ], [ 106.857007199540149, -6.204581726629996 ], [ 106.855232447951906, -6.20414557365502 ], [ 106.853873840899695, -6.205443882350131 ], [ 106.854290005797722, -6.207178321235371 ], [ 106.856064752743862, -6.207614447142813 ], [ 106.857423339433623, -6.206316161231891 ] ] ] } },
{ "type": "Feature", "properties": { "hex_id": "898c1078343ffff", "kawasan": "Manggarai", "kode_kawasan": "MGR", "diskor": true, "jarak_simpul_m": 765, "menit_jalan": 10, "lat": -6.2110831772659054, "lon": 106.85689703441069, "hex_induk": "888c107835fffff", "pop_100m": null, "pop_usia_produktif": null, "total_luas_bangunan_m2": null, "jumlah_bangunan": null, "rasio_tutupan_bangunan": null, "risiko_banjir_indeks_mean": null, "risiko_banjir_indeks_max": null, "n_kompetitor": 0, "n_simpul_transit": 0, "n_generator_keramaian": 0, "n_poi_terpadu": 0, "zona_peruntukan": null, "izin_perdagangan": true, "zonasi_diketahui": false, "n_menu_go": 0, "n_struk_go": 0, "n_properti_go": 0, "n_activity": 0, "n_titik_survei": 0, "harga_median": null, "belanja_median": null, "skor_ramai_rata": null, "n_titik_kring": 0, "znt_rp_per_m2": null, "ridership_simpul": 57517269.0, "indeks_churn": null, "IPT": 79.17, "IAE": null, "Kompetisi": null, "Biaya_Risiko": null, "opportunity_score": 79.17, "residual_biaya": null, "iptt": 50.0, "hidden_gem_score": 70.0, "kuadran": "potensi_tinggi", "tingkat_keyakinan": "RENDAH", "versi_model": "loco-file-v1.0" }, "geometry": { "type": "Polygon", "coordinates": [ [ [ 106.858671724426628, -6.211519249990046 ], [ 106.858255601876792, -6.209784922914258 ], [ 106.856480896467886, -6.209348830126118 ], [ 106.855122318249769, -6.210647091482594 ], [ 106.855538465803946, -6.212381422839887 ], [ 106.857313166572354, -6.21281748855984 ], [ 106.858671724426628, -6.211519249990046 ] ] ] } },
{ "type": "Feature", "properties": { "hex_id": "898c1079ca3ffff", "kawasan": "Manggarai", "kode_kawasan": "MGR", "diskor": true, "jarak_simpul_m": 772, "menit_jalan": 10, "lat": -6.2037094076269259, "lon": 106.85345767022024, "hex_induk": "888c1079cbfffff", "pop_100m": null, "pop_usia_produktif": null, "total_luas_bangunan_m2": null, "jumlah_bangunan": null, "rasio_tutupan_bangunan": null, "risiko_banjir_indeks_mean": null, "risiko_banjir_indeks_max": null, "n_kompetitor": 0, "n_simpul_transit": 0, "n_generator_keramaian": 0, "n_poi_terpadu": 0, "zona_peruntukan": null, "izin_perdagangan": true, "zonasi_diketahui": false, "n_menu_go": 0, "n_struk_go": 0, "n_properti_go": 0, "n_activity": 0, "n_titik_survei": 0, "harga_median": null, "belanja_median": null, "skor_ramai_rata": null, "n_titik_kring": 0, "znt_rp_per_m2": null, "ridership_simpul": 57517269.0, "indeks_churn": null, "IPT": 79.17, "IAE": null, "Kompetisi": null, "Biaya_Risiko": null, "opportunity_score": 79.17, "residual_biaya": null, "iptt": 50.0, "hidden_gem_score": 70.0, "kuadran": "potensi_tinggi", "tingkat_keyakinan": "RENDAH", "versi_model": "loco-file-v1.0" }, "geometry": { "type": "Polygon", "coordinates": [ [ [ 106.855232447951906, -6.20414557365502 ], [ 106.854816286883803, -6.202411083155221 ], [ 106.853041493759278, -6.201974897068108 ], [ 106.851682866347971, -6.203273228546556 ], [ 106.852099052419831, -6.205007723328142 ], [ 106.853873840899695, -6.205443882350131 ], [ 106.855232447951906, -6.20414557365502 ] ] ] } },
{ "type": "Feature", "properties": { "hex_id": "898c1079dd7ffff", "kawasan": "Manggarai", "kode_kawasan": "MGR", "diskor": true, "jarak_simpul_m": 773, "menit_jalan": 10, "lat": -6.2062958150415133, "lon": 106.84405722671515, "hex_induk": "888c1079ddfffff", "pop_100m": null, "pop_usia_produktif": null, "total_luas_bangunan_m2": null, "jumlah_bangunan": null, "rasio_tutupan_bangunan": null, "risiko_banjir_indeks_mean": null, "risiko_banjir_indeks_max": null, "n_kompetitor": 0, "n_simpul_transit": 0, "n_generator_keramaian": 0, "n_poi_terpadu": 0, "zona_peruntukan": null, "izin_perdagangan": true, "zonasi_diketahui": false, "n_menu_go": 0, "n_struk_go": 0, "n_properti_go": 0, "n_activity": 0, "n_titik_survei": 0, "harga_median": null, "belanja_median": null, "skor_ramai_rata": null, "n_titik_kring": 0, "znt_rp_per_m2": null, "ridership_simpul": 57517269.0, "indeks_churn": null, "IPT": 79.17, "IAE": null, "Kompetisi": null, "Biaya_Risiko": null, "opportunity_score": 79.17, "residual_biaya": null, "iptt": 50.0, "hidden_gem_score": 70.0, "kuadran": "potensi_tinggi", "tingkat_keyakinan": "RENDAH", "versi_model": "loco-file-v1.0" }, "geometry": { "type": "Polygon", "coordinates": [ [ [ 106.84583211507686, -6.206731999215677 ], [ 106.845415879002786, -6.204997495885348 ], [ 106.843640975250779, -6.204561291658657 ], [ 106.842282312228647, -6.205859617815573 ], [ 106.842698573301192, -6.207594125412873 ], [ 106.844473472397837, -6.208030302586939 ], [ 106.84583211507686, -6.206731999215677 ] ] ] } },
{ "type": "Feature", "properties": { "hex_id": "898c1079d9bffff", "kawasan": "Manggarai", "kode_kawasan": "MGR", "diskor": true, "jarak_simpul_m": 774, "menit_jalan": 10, "lat": -6.2093285971712655, "lon": 106.84311482859202, "hex_induk": "888c1079d9fffff", "pop_100m": null, "pop_usia_produktif": null, "total_luas_bangunan_m2": null, "jumlah_bangunan": null, "rasio_tutupan_bangunan": null, "risiko_banjir_indeks_mean": null, "risiko_banjir_indeks_max": null, "n_kompetitor": 0, "n_simpul_transit": 0, "n_generator_keramaian": 0, "n_poi_terpadu": 0, "zona_peruntukan": null, "izin_perdagangan": true, "zonasi_diketahui": false, "n_menu_go": 0, "n_struk_go": 0, "n_properti_go": 0, "n_activity": 0, "n_titik_survei": 0, "harga_median": null, "belanja_median": null, "skor_ramai_rata": null, "n_titik_kring": 0, "znt_rp_per_m2": null, "ridership_simpul": 57517269.0, "indeks_churn": null, "IPT": 79.17, "IAE": null, "Kompetisi": null, "Biaya_Risiko": null, "opportunity_score": 79.17, "residual_biaya": null, "iptt": 50.0, "hidden_gem_score": 70.0, "kuadran": "potensi_tinggi", "tingkat_keyakinan": "RENDAH", "versi_model": "loco-file-v1.0" }, "geometry": { "type": "Polygon", "coordinates": [ [ [ 106.84488971229888, -6.209764754292572 ], [ 106.844473472397837, -6.208030302586939 ], [ 106.842698573301192, -6.207594125412873 ], [ 106.841339918762401, -6.208892426995967 ], [ 106.841756183660948, -6.210626882965202 ], [ 106.84353107810125, -6.211063033088389 ], [ 106.84488971229888, -6.209764754292572 ] ] ] } },
{ "type": "Feature", "properties": { "hex_id": "898c10700a3ffff", "kawasan": "Depok Baru", "kode_kawasan": "DPB", "diskor": true, "jarak_simpul_m": 794, "menit_jalan": 10, "lat": -6.3885885801140647, "lon": 106.81603500960924, "hex_induk": "888c10700bfffff", "pop_100m": null, "pop_usia_produktif": null, "total_luas_bangunan_m2": null, "jumlah_bangunan": null, "rasio_tutupan_bangunan": null, "risiko_banjir_indeks_mean": null, "risiko_banjir_indeks_max": null, "n_kompetitor": 0, "n_simpul_transit": 0, "n_generator_keramaian": 0, "n_poi_terpadu": 0, "zona_peruntukan": null, "izin_perdagangan": true, "zonasi_diketahui": false, "n_menu_go": 0, "n_struk_go": 0, "n_properti_go": 0, "n_activity": 0, "n_titik_survei": 0, "harga_median": null, "belanja_median": null, "skor_ramai_rata": null, "n_titik_kring": 0, "znt_rp_per_m2": null, "ridership_simpul": 22931228.0, "indeks_churn": null, "IPT": 20.83, "IAE": null, "Kompetisi": null, "Biaya_Risiko": null, "opportunity_score": 20.83, "residual_biaya": null, "iptt": 0.0, "hidden_gem_score": 10.53, "kuadran": "potensi_rendah", "tingkat_keyakinan": "RENDAH", "versi_model": "loco-file-v1.0" }, "geometry": { "type": "Polygon", "coordinates": [ [ [ 106.817809235924699, -6.389023000352973 ], [ 106.817393008922352, -6.387291804618409 ], [ 106.815618767241375, -6.386857364292071 ], [ 106.814260757245222, -6.388154146684045 ], [ 106.81467700920237, -6.389885346522601 ], [ 106.816451246201311, -6.390319759865847 ], [ 106.817809235924699, -6.389023000352973 ] ] ] } },
{ "type": "Feature", "properties": { "hex_id": "898c1070423ffff", "kawasan": "Depok Baru", "kode_kawasan": "DPB", "diskor": true, "jarak_simpul_m": 801, "menit_jalan": 15, "lat": -6.3963879730155631, "lon": 106.82792839252973, "hex_induk": "888c107043fffff", "pop_100m": null, "pop_usia_produktif": null, "total_luas_bangunan_m2": null, "jumlah_bangunan": null, "rasio_tutupan_bangunan": null, "risiko_banjir_indeks_mean": null, "risiko_banjir_indeks_max": null, "n_kompetitor": 0, "n_simpul_transit": 0, "n_generator_keramaian": 0, "n_poi_terpadu": 0, "zona_peruntukan": null, "izin_perdagangan": true, "zonasi_diketahui": false, "n_menu_go": 0, "n_struk_go": 0, "n_properti_go": 0, "n_activity": 0, "n_titik_survei": 0, "harga_median": null, "belanja_median": null, "skor_ramai_rata": null, "n_titik_kring": 0, "znt_rp_per_m2": null, "ridership_simpul": 22931228.0, "indeks_churn": null, "IPT": 0.0, "IAE": null, "Kompetisi": null, "Biaya_Risiko": null, "opportunity_score": 0.0, "residual_biaya": null, "iptt": 0.0, "hidden_gem_score": 0.0, "kuadran": "potensi_rendah", "tingkat_keyakinan": "RENDAH", "versi_model": "loco-file-v1.0" }, "geometry": { "type": "Polygon", "coordinates": [ [ [ 106.82970241639137, -6.396822253796039 ], [ 106.829286298916003, -6.395091286852981 ], [ 106.827512259686713, -6.394656985973515 ], [ 106.826154342601399, -6.395953679034518 ], [ 106.826570485036484, -6.39768465009267 ], [ 106.828344519597607, -6.398118923975373 ], [ 106.82970241639137, -6.396822253796039 ] ] ] } },
{ "type": "Feature", "properties": { "hex_id": "898c1070017ffff", "kawasan": "Depok Baru", "kode_kawasan": "DPB", "diskor": true, "jarak_simpul_m": 805, "menit_jalan": 15, "lat": -6.3846982263794656, "lon": 106.8201090042612, "hex_induk": "888c107001fffff", "pop_100m": null, "pop_usia_produktif": null, "total_luas_bangunan_m2": null, "jumlah_bangunan": null, "rasio_tutupan_bangunan": null, "risiko_banjir_indeks_mean": null, "risiko_banjir_indeks_max": null, "n_kompetitor": 0, "n_simpul_transit": 0, "n_generator_keramaian": 0, "n_poi_terpadu": 0, "zona_peruntukan": null, "izin_perdagangan": true, "zonasi_diketahui": false, "n_menu_go": 0, "n_struk_go": 0, "n_properti_go": 0, "n_activity": 0, "n_titik_survei": 0, "harga_median": null, "belanja_median": null, "skor_ramai_rata": null, "n_titik_kring": 0, "znt_rp_per_m2": null, "ridership_simpul": 22931228.0, "indeks_churn": null, "IPT": 0.0, "IAE": null, "Kompetisi": null, "Biaya_Risiko": null, "opportunity_score": 0.0, "residual_biaya": null, "iptt": 0.0, "hidden_gem_score": 0.0, "kuadran": "potensi_rendah", "tingkat_keyakinan": "RENDAH", "versi_model": "loco-file-v1.0" }, "geometry": { "type": "Polygon", "coordinates": [ [ [ 106.821883198514342, -6.385132667313314 ], [ 106.821467000283889, -6.383401423643033 ], [ 106.819692790663865, -6.382966962619816 ], [ 106.81833478395221, -6.384263772256523 ], [ 106.818751007140193, -6.385995020039063 ], [ 106.820525212082742, -6.386429454073269 ], [ 106.821883198514342, -6.385132667313314 ] ] ] } },
{ "type": "Feature", "properties": { "hex_id": "898c1078357ffff", "kawasan": "Manggarai", "kode_kawasan": "MGR", "diskor": true, "jarak_simpul_m": 806, "menit_jalan": 15, "lat": -6.2141157183498654, "lon": 106.855954607577, "hex_induk": "888c107835fffff", "pop_100m": null, "pop_usia_produktif": null, "total_luas_bangunan_m2": null, "jumlah_bangunan": null, "rasio_tutupan_bangunan": null, "risiko_banjir_indeks_mean": null, "risiko_banjir_indeks_max": null, "n_kompetitor": 0, "n_simpul_transit": 0, "n_generator_keramaian": 0, "n_poi_terpadu": 0, "zona_peruntukan": null, "izin_perdagangan": true, "zonasi_diketahui": false, "n_menu_go": 0, "n_struk_go": 0, "n_properti_go": 0, "n_activity": 0, "n_titik_survei": 0, "harga_median": null, "belanja_median": null, "skor_ramai_rata": null, "n_titik_kring": 0, "znt_rp_per_m2": null, "ridership_simpul": 57517269.0, "indeks_churn": null, "IPT": 58.33, "IAE": null, "Kompetisi": null, "Biaya_Risiko": null, "opportunity_score": 58.33, "residual_biaya": null, "iptt": 23.68, "hidden_gem_score": 43.68, "kuadran": "potensi_tinggi", "tingkat_keyakinan": "RENDAH", "versi_model": "loco-file-v1.0" }, "geometry": { "type": "Polygon", "coordinates": [ [ [ 106.857729292952982, -6.214551764005587 ], [ 106.857313166572354, -6.21281748855984 ], [ 106.855538465803946, -6.212381422839887 ], [ 106.854179896058099, -6.213679659632762 ], [ 106.854596047442087, -6.21541393935663 ], [ 106.856370743569002, -6.21584997801015 ], [ 106.857729292952982, -6.214551764005587 ] ] ] } },
{ "type": "Feature", "properties": { "hex_id": "898c1070467ffff", "kawasan": "Depok Baru", "kode_kawasan": "DPB", "diskor": true, "jarak_simpul_m": 807, "menit_jalan": 15, "lat": -6.390332517524306, "lon": 106.82981197110341, "hex_induk": "888c107047fffff", "pop_100m": null, "pop_usia_produktif": null, "total_luas_bangunan_m2": null, "jumlah_bangunan": null, "rasio_tutupan_bangunan": null, "risiko_banjir_indeks_mean": null, "risiko_banjir_indeks_max": null, "n_kompetitor": 0, "n_simpul_transit": 0, "n_generator_keramaian": 0, "n_poi_terpadu": 0, "zona_peruntukan": null, "izin_perdagangan": true, "zonasi_diketahui": false, "n_menu_go": 0, "n_struk_go": 0, "n_properti_go": 0, "n_activity": 0, "n_titik_survei": 0, "harga_median": null, "belanja_median": null, "skor_ramai_rata": null, "n_titik_kring": 0, "znt_rp_per_m2": null, "ridership_simpul": 22931228.0, "indeks_churn": null, "IPT": 0.0, "IAE": null, "Kompetisi": null, "Biaya_Risiko": null, "opportunity_score": 0.0, "residual_biaya": null, "iptt": 0.0, "hidden_gem_score": 0.0, "kuadran": "potensi_rendah", "tingkat_keyakinan": "RENDAH", "versi_model": "loco-file-v1.0" }, "geometry": { "type": "Polygon", "coordinates": [ [ [ 106.831586004297378, -6.390766852304041 ], [ 106.831169894457972, -6.389035781247382 ], [ 106.829395845895306, -6.388601426369056 ], [ 106.828037911838692, -6.389898169548361 ], [ 106.828454046639735, -6.391629244726833 ], [ 106.83022809053621, -6.392063572604846 ], [ 106.831586004297378, -6.390766852304041 ] ] ] } },
{ "type": "Feature", "properties": { "hex_id": "898c107832bffff", "kawasan": "Manggarai", "kode_kawasan": "MGR", "diskor": true, "jarak_simpul_m": 824, "menit_jalan": 15, "lat": -6.214531797389494, "lon": 106.84436355977518, "hex_induk": "888c107833fffff", "pop_100m": null, "pop_usia_produktif": null, "total_luas_bangunan_m2": null, "jumlah_bangunan": null, "rasio_tutupan_bangunan": null, "risiko_banjir_indeks_mean": null, "risiko_banjir_indeks_max": null, "n_kompetitor": 0, "n_simpul_transit": 0, "n_generator_keramaian": 0, "n_poi_terpadu": 0, "zona_peruntukan": null, "izin_perdagangan": true, "zonasi_diketahui": false, "n_menu_go": 0, "n_struk_go": 0, "n_properti_go": 0, "n_activity": 0, "n_titik_survei": 0, "harga_median": null, "belanja_median": null, "skor_ramai_rata": null, "n_titik_kring": 0, "znt_rp_per_m2": null, "ridership_simpul": 57517269.0, "indeks_churn": null, "IPT": 58.33, "IAE": null, "Kompetisi": null, "Biaya_Risiko": null, "opportunity_score": 58.33, "residual_biaya": null, "iptt": 23.68, "hidden_gem_score": 43.68, "kuadran": "potensi_tinggi", "tingkat_keyakinan": "RENDAH", "versi_model": "loco-file-v1.0" }, "geometry": { "type": "Polygon", "coordinates": [ [ [ 106.846138397313126, -6.214967894347361 ], [ 106.84572217475646, -6.21323355017512 ], [ 106.843947321828949, -6.212797433161916 ], [ 106.84258869611331, -6.214095687373117 ], [ 106.843004943667268, -6.215830035807112 ], [ 106.844779791940041, -6.216266125768797 ], [ 106.846138397313126, -6.214967894347361 ] ] ] } },
{ "type": "Feature", "properties": { "hex_id": "898c10700b7ffff", "kawasan": "Depok Baru", "kode_kawasan": "DPB", "diskor": true, "jarak_simpul_m": 830, "menit_jalan": 15, "lat": -6.3916165102894942, "lon": 106.81509325538373, "hex_induk": "888c10700bfffff", "pop_100m": null, "pop_usia_produktif": null, "total_luas_bangunan_m2": null, "jumlah_bangunan": null, "rasio_tutupan_bangunan": null, "risiko_banjir_indeks_mean": null, "risiko_banjir_indeks_max": null, "n_kompetitor": 0, "n_simpul_transit": 0, "n_generator_keramaian": 0, "n_poi_terpadu": 0, "zona_peruntukan": null, "izin_perdagangan": true, "zonasi_diketahui": false, "n_menu_go": 0, "n_struk_go": 0, "n_properti_go": 0, "n_activity": 0, "n_titik_survei": 0, "harga_median": null, "belanja_median": null, "skor_ramai_rata": null, "n_titik_kring": 0, "znt_rp_per_m2": null, "ridership_simpul": 22931228.0, "indeks_churn": null, "IPT": 0.0, "IAE": null, "Kompetisi": null, "Biaya_Risiko": null, "opportunity_score": 0.0, "residual_biaya": null, "iptt": 0.0, "hidden_gem_score": 0.0, "kuadran": "potensi_rendah", "tingkat_keyakinan": "RENDAH", "versi_model": "loco-file-v1.0" }, "geometry": { "type": "Polygon", "coordinates": [ [ [ 106.816867477017695, -6.392050903545118 ], [ 106.816451246201311, -6.390319759865847 ], [ 106.81467700920237, -6.389885346522601 ], [ 106.813319007703257, -6.391182103840571 ], [ 106.813735263473433, -6.392913251620476 ], [ 106.815509495789385, -6.393347637982429 ], [ 106.816867477017695, -6.392050903545118 ] ] ] } },
{ "type": "Feature", "properties": { "hex_id": "898c1079ddbffff", "kawasan": "Manggarai", "kode_kawasan": "MGR", "diskor": true, "jarak_simpul_m": 851, "menit_jalan": 15, "lat": -6.2024008312323549, "lon": 106.84813318019296, "hex_induk": "888c1079ddfffff", "pop_100m": null, "pop_usia_produktif": null, "total_luas_bangunan_m2": null, "jumlah_bangunan": null, "rasio_tutupan_bangunan": null, "risiko_banjir_indeks_mean": null, "risiko_banjir_indeks_max": null, "n_kompetitor": 0, "n_simpul_transit": 0, "n_generator_keramaian": 0, "n_poi_terpadu": 0, "zona_peruntukan": null, "izin_perdagangan": true, "zonasi_diketahui": false, "n_menu_go": 0, "n_struk_go": 0, "n_properti_go": 0, "n_activity": 0, "n_titik_survei": 0, "harga_median": null, "belanja_median": null, "skor_ramai_rata": null, "n_titik_kring": 0, "znt_rp_per_m2": null, "ridership_simpul": 57517269.0, "indeks_churn": null, "IPT": 58.33, "IAE": null, "Kompetisi": null, "Biaya_Risiko": null, "opportunity_score": 58.33, "residual_biaya": null, "iptt": 23.68, "hidden_gem_score": 43.68, "kuadran": "potensi_tinggi", "tingkat_keyakinan": "RENDAH", "versi_model": "loco-file-v1.0" }, "geometry": { "type": "Polygon", "coordinates": [ [ [ 106.849908036337936, -6.202837036414754 ], [ 106.849491829092415, -6.201102485742421 ], [ 106.847716957555747, -6.200666260505552 ], [ 106.846358297915856, -6.201964613000194 ], [ 106.846774530162563, -6.203699167947813 ], [ 106.84854939704843, -6.204135366126132 ], [ 106.849908036337936, -6.202837036414754 ] ] ] } },
{ "type": "Feature", "properties": { "hex_id": "898c1070013ffff", "kawasan": "Depok Baru", "kode_kawasan": "DPB", "diskor": true, "jarak_simpul_m": 855, "menit_jalan": 15, "lat": -6.3838358714778538, "lon": 106.82324118384562, "hex_induk": "888c107001fffff", "pop_100m": null, "pop_usia_produktif": null, "total_luas_bangunan_m2": null, "jumlah_bangunan": null, "rasio_tutupan_bangunan": null, "risiko_banjir_indeks_mean": null, "risiko_banjir_indeks_max": null, "n_kompetitor": 0, "n_simpul_transit": 0, "n_generator_keramaian": 0, "n_poi_terpadu": 0, "zona_peruntukan": null, "izin_perdagangan": true, "zonasi_diketahui": false, "n_menu_go": 0, "n_struk_go": 0, "n_properti_go": 0, "n_activity": 0, "n_titik_survei": 0, "harga_median": null, "belanja_median": null, "skor_ramai_rata": null, "n_titik_kring": 0, "znt_rp_per_m2": null, "ridership_simpul": 22931228.0, "indeks_churn": null, "IPT": 0.0, "IAE": null, "Kompetisi": null, "Biaya_Risiko": null, "opportunity_score": 0.0, "residual_biaya": null, "iptt": 0.0, "hidden_gem_score": 0.0, "kuadran": "potensi_rendah", "tingkat_keyakinan": "RENDAH", "versi_model": "loco-file-v1.0" }, "geometry": { "type": "Polygon", "coordinates": [ [ [ 106.825015341346258, -6.384270306123452 ], [ 106.824599168075096, -6.382539066570347 ], [ 106.822824995206716, -6.382104611833225 ], [ 106.821467000283889, -6.383401423643033 ], [ 106.821883198514342, -6.385132667313314 ], [ 106.823657366708801, -6.385567095057257 ], [ 106.825015341346258, -6.384270306123452 ] ] ] } },
{ "type": "Feature", "properties": { "hex_id": "898c107833bffff", "kawasan": "Manggarai", "kode_kawasan": "MGR", "diskor": true, "jarak_simpul_m": 862, "menit_jalan": 15, "lat": -6.2167022026704268, "lon": 106.84655461408848, "hex_induk": "888c107833fffff", "pop_100m": null, "pop_usia_produktif": null, "total_luas_bangunan_m2": null, "jumlah_bangunan": null, "rasio_tutupan_bangunan": null, "risiko_banjir_indeks_mean": null, "risiko_banjir_indeks_max": null, "n_kompetitor": 0, "n_simpul_transit": 0, "n_generator_keramaian": 0, "n_poi_terpadu": 0, "zona_peruntukan": null, "izin_perdagangan": true, "zonasi_diketahui": false, "n_menu_go": 0, "n_struk_go": 0, "n_properti_go": 0, "n_activity": 0, "n_titik_survei": 0, "harga_median": null, "belanja_median": null, "skor_ramai_rata": null, "n_titik_kring": 0, "znt_rp_per_m2": null, "ridership_simpul": 57517269.0, "indeks_churn": null, "IPT": 58.33, "IAE": null, "Kompetisi": null, "Biaya_Risiko": null, "opportunity_score": 58.33, "residual_biaya": null, "iptt": 23.68, "hidden_gem_score": 43.68, "kuadran": "potensi_tinggi", "tingkat_keyakinan": "RENDAH", "versi_model": "loco-file-v1.0" }, "geometry": { "type": "Polygon", "coordinates": [ [ [ 106.848329410109784, -6.217138266511182 ], [ 106.847913208724336, -6.215403978245849 ], [ 106.846138397313126, -6.214967894347361 ], [ 106.844779791940041, -6.216266125768797 ], [ 106.845196018323591, -6.218000418297465 ], [ 106.846970825082593, -6.218436475142008 ], [ 106.848329410109784, -6.217138266511182 ] ] ] } },
{ "type": "Feature", "properties": { "hex_id": "898c107834bffff", "kawasan": "Manggarai", "kode_kawasan": "MGR", "diskor": true, "jarak_simpul_m": 877, "menit_jalan": 15, "lat": -6.2080505599940974, "lon": 106.85783947354582, "hex_induk": "888c107835fffff", "pop_100m": null, "pop_usia_produktif": null, "total_luas_bangunan_m2": null, "jumlah_bangunan": null, "rasio_tutupan_bangunan": null, "risiko_banjir_indeks_mean": null, "risiko_banjir_indeks_max": null, "n_kompetitor": 0, "n_simpul_transit": 0, "n_generator_keramaian": 0, "n_poi_terpadu": 0, "zona_peruntukan": null, "izin_perdagangan": true, "zonasi_diketahui": false, "n_menu_go": 0, "n_struk_go": 0, "n_properti_go": 0, "n_activity": 0, "n_titik_survei": 0, "harga_median": null, "belanja_median": null, "skor_ramai_rata": null, "n_titik_kring": 0, "znt_rp_per_m2": null, "ridership_simpul": 57517269.0, "indeks_churn": null, "IPT": 58.33, "IAE": null, "Kompetisi": null, "Biaya_Risiko": null, "opportunity_score": 58.33, "residual_biaya": null, "iptt": 23.68, "hidden_gem_score": 43.68, "kuadran": "potensi_tinggi", "tingkat_keyakinan": "RENDAH", "versi_model": "loco-file-v1.0" }, "geometry": { "type": "Polygon", "coordinates": [ [ [ 106.859614168200736, -6.208486659788395 ], [ 106.859198049482046, -6.206752281089985 ], [ 106.857423339433623, -6.206316161231891 ], [ 106.856064752743862, -6.207614447142813 ], [ 106.856480896467886, -6.209348830126118 ], [ 106.858255601876792, -6.209784922914258 ], [ 106.859614168200736, -6.208486659788395 ] ] ] } },
{ "type": "Feature", "properties": { "hex_id": "898c10700abffff", "kawasan": "Depok Baru", "kode_kawasan": "DPB", "diskor": true, "jarak_simpul_m": 907, "menit_jalan": 15, "lat": -6.3855605728150939, "lon": 106.8169767761442, "hex_induk": "888c10700bfffff", "pop_100m": null, "pop_usia_produktif": null, "total_luas_bangunan_m2": null, "jumlah_bangunan": null, "rasio_tutupan_bangunan": null, "risiko_banjir_indeks_mean": null, "risiko_banjir_indeks_max": null, "n_kompetitor": 0, "n_simpul_transit": 0, "n_generator_keramaian": 0, "n_poi_terpadu": 0, "zona_peruntukan": null, "izin_perdagangan": true, "zonasi_diketahui": false, "n_menu_go": 0, "n_struk_go": 0, "n_properti_go": 0, "n_activity": 0, "n_titik_survei": 0, "harga_median": null, "belanja_median": null, "skor_ramai_rata": null, "n_titik_kring": 0, "znt_rp_per_m2": null, "ridership_simpul": 22931228.0, "indeks_churn": null, "IPT": 0.0, "IAE": null, "Kompetisi": null, "Biaya_Risiko": null, "opportunity_score": 0.0, "residual_biaya": null, "iptt": 0.0, "hidden_gem_score": 0.0, "kuadran": "potensi_rendah", "tingkat_keyakinan": "RENDAH", "versi_model": "loco-file-v1.0" }, "geometry": { "type": "Polygon", "coordinates": [ [ [ 106.818751007140193, -6.385995020039063 ], [ 106.81833478395221, -6.384263772256523 ], [ 106.816560537590192, -6.383829304945344 ], [ 106.815202519097653, -6.385126112402191 ], [ 106.815618767241375, -6.386857364292071 ], [ 106.817393008922352, -6.387291804618409 ], [ 106.818751007140193, -6.385995020039063 ] ] ] } },
{ "type": "Feature", "properties": { "hex_id": "898c1070547ffff", "kawasan": "Depok Baru", "kode_kawasan": "DPB", "diskor": true, "jarak_simpul_m": 909, "menit_jalan": 15, "lat": -6.3968097851371599, "lon": 106.81634195927391, "hex_induk": "888c107055fffff", "pop_100m": null, "pop_usia_produktif": null, "total_luas_bangunan_m2": null, "jumlah_bangunan": null, "rasio_tutupan_bangunan": null, "risiko_banjir_indeks_mean": null, "risiko_banjir_indeks_max": null, "n_kompetitor": 0, "n_simpul_transit": 0, "n_generator_keramaian": 0, "n_poi_terpadu": 0, "zona_peruntukan": null, "izin_perdagangan": true, "zonasi_diketahui": false, "n_menu_go": 0, "n_struk_go": 0, "n_properti_go": 0, "n_activity": 0, "n_titik_survei": 0, "harga_median": null, "belanja_median": null, "skor_ramai_rata": null, "n_titik_kring": 0, "znt_rp_per_m2": null, "ridership_simpul": 22931228.0, "indeks_churn": null, "IPT": 0.0, "IAE": null, "Kompetisi": null, "Biaya_Risiko": null, "opportunity_score": 0.0, "residual_biaya": null, "iptt": 0.0, "hidden_gem_score": 0.0, "kuadran": "potensi_rendah", "tingkat_keyakinan": "RENDAH", "versi_model": "loco-file-v1.0" }, "geometry": { "type": "Polygon", "coordinates": [ [ [ 106.818116134813351, -6.397244118124812 ], [ 106.817699921323623, -6.395513082676904 ], [ 106.815925730419423, -6.395078729599081 ], [ 106.814567757686817, -6.396375438951728 ], [ 106.814983996130138, -6.39810647849845 ], [ 106.816758182352942, -6.398540804594363 ], [ 106.818116134813351, -6.397244118124812 ] ] ] } },
{ "type": "Feature", "properties": { "hex_id": "898c1079dc3ffff", "kawasan": "Manggarai", "kode_kawasan": "MGR", "diskor": true, "jarak_simpul_m": 920, "menit_jalan": 15, "lat": -6.2032629567190458, "lon": 106.84499963714703, "hex_induk": "888c1079ddfffff", "pop_100m": null, "pop_usia_produktif": null, "total_luas_bangunan_m2": null, "jumlah_bangunan": null, "rasio_tutupan_bangunan": null, "risiko_banjir_indeks_mean": null, "risiko_banjir_indeks_max": null, "n_kompetitor": 0, "n_simpul_transit": 0, "n_generator_keramaian": 0, "n_poi_terpadu": 0, "zona_peruntukan": null, "izin_perdagangan": true, "zonasi_diketahui": false, "n_menu_go": 0, "n_struk_go": 0, "n_properti_go": 0, "n_activity": 0, "n_titik_survei": 0, "harga_median": null, "belanja_median": null, "skor_ramai_rata": null, "n_titik_kring": 0, "znt_rp_per_m2": null, "ridership_simpul": 57517269.0, "indeks_churn": null, "IPT": 58.33, "IAE": null, "Kompetisi": null, "Biaya_Risiko": null, "opportunity_score": 58.33, "residual_biaya": null, "iptt": 23.68, "hidden_gem_score": 43.68, "kuadran": "potensi_tinggi", "tingkat_keyakinan": "RENDAH", "versi_model": "loco-file-v1.0" }, "geometry": { "type": "Polygon", "coordinates": [ [ [ 106.846774530162563, -6.203699167947813 ], [ 106.846358297915856, -6.201964613000194 ], [ 106.844583389509481, -6.20152838171912 ], [ 106.843224718004649, -6.202826732440696 ], [ 106.843640975250779, -6.204561291658657 ], [ 106.845415879002786, -6.204997495885348 ], [ 106.846774530162563, -6.203699167947813 ] ] ] } },
{ "type": "Feature", "properties": { "hex_id": "898c1079d93ffff", "kawasan": "Manggarai", "kode_kawasan": "MGR", "diskor": true, "jarak_simpul_m": 921, "menit_jalan": 15, "lat": -6.21236130309169, "lon": 106.84217244277789, "hex_induk": "888c1079d9fffff", "pop_100m": null, "pop_usia_produktif": null, "total_luas_bangunan_m2": null, "jumlah_bangunan": null, "rasio_tutupan_bangunan": null, "risiko_banjir_indeks_mean": null, "risiko_banjir_indeks_max": null, "n_kompetitor": 0, "n_simpul_transit": 0, "n_generator_keramaian": 0, "n_poi_terpadu": 0, "zona_peruntukan": null, "izin_perdagangan": true, "zonasi_diketahui": false, "n_menu_go": 0, "n_struk_go": 0, "n_properti_go": 0, "n_activity": 0, "n_titik_survei": 0, "harga_median": null, "belanja_median": null, "skor_ramai_rata": null, "n_titik_kring": 0, "znt_rp_per_m2": null, "ridership_simpul": 57517269.0, "indeks_churn": null, "IPT": 58.33, "IAE": null, "Kompetisi": null, "Biaya_Risiko": null, "opportunity_score": 58.33, "residual_biaya": null, "iptt": 23.68, "hidden_gem_score": 43.68, "kuadran": "potensi_tinggi", "tingkat_keyakinan": "RENDAH", "versi_model": "loco-file-v1.0" }, "geometry": { "type": "Polygon", "coordinates": [ [ [ 106.843947321828949, -6.212797433161916 ], [ 106.84353107810125, -6.211063033088389 ], [ 106.841756183660948, -6.210626882965202 ], [ 106.840397537606137, -6.211925159965304 ], [ 106.840813806330345, -6.213659564299045 ], [ 106.84258869611331, -6.214095687373117 ], [ 106.843947321828949, -6.212797433161916 ] ] ] } },
{ "type": "Feature", "properties": { "hex_id": "898c1079cafffff", "kawasan": "Manggarai", "kode_kawasan": "MGR", "diskor": true, "jarak_simpul_m": 928, "menit_jalan": 15, "lat": -6.2015386979302267, "lon": 106.85126667449454, "hex_induk": "888c1079cbfffff", "pop_100m": null, "pop_usia_produktif": null, "total_luas_bangunan_m2": null, "jumlah_bangunan": null, "rasio_tutupan_bangunan": null, "risiko_banjir_indeks_mean": null, "risiko_banjir_indeks_max": null, "n_kompetitor": 0, "n_simpul_transit": 0, "n_generator_keramaian": 0, "n_poi_terpadu": 0, "zona_peruntukan": null, "izin_perdagangan": true, "zonasi_diketahui": false, "n_menu_go": 0, "n_struk_go": 0, "n_properti_go": 0, "n_activity": 0, "n_titik_survei": 0, "harga_median": null, "belanja_median": null, "skor_ramai_rata": null, "n_titik_kring": 0, "znt_rp_per_m2": null, "ridership_simpul": 57517269.0, "indeks_churn": null, "IPT": 58.33, "IAE": null, "Kompetisi": null, "Biaya_Risiko": null, "opportunity_score": 58.33, "residual_biaya": null, "iptt": 23.68, "hidden_gem_score": 43.68, "kuadran": "potensi_tinggi", "tingkat_keyakinan": "RENDAH", "versi_model": "loco-file-v1.0" }, "geometry": { "type": "Polygon", "coordinates": [ [ [ 106.853041493759278, -6.201974897068108 ], [ 106.852625311516718, -6.200240350676004 ], [ 106.850850476859449, -6.199804131481486 ], [ 106.849491829092415, -6.201102485742421 ], [ 106.849908036337936, -6.202837036414754 ], [ 106.851682866347971, -6.203273228546556 ], [ 106.853041493759278, -6.201974897068108 ] ] ] } },
{ "type": "Feature", "properties": { "hex_id": "898c1078303ffff", "kawasan": "Manggarai", "kode_kawasan": "MGR", "diskor": true, "jarak_simpul_m": 934, "menit_jalan": 15, "lat": -6.218010355006693, "lon": 106.85187892375966, "hex_induk": "888c107831fffff", "pop_100m": null, "pop_usia_produktif": null, "total_luas_bangunan_m2": null, "jumlah_bangunan": null, "rasio_tutupan_bangunan": null, "risiko_banjir_indeks_mean": null, "risiko_banjir_indeks_max": null, "n_kompetitor": 0, "n_simpul_transit": 0, "n_generator_keramaian": 0, "n_poi_terpadu": 0, "zona_peruntukan": null, "izin_perdagangan": true, "zonasi_diketahui": false, "n_menu_go": 0, "n_struk_go": 0, "n_properti_go": 0, "n_activity": 0, "n_titik_survei": 0, "harga_median": null, "belanja_median": null, "skor_ramai_rata": null, "n_titik_kring": 0, "znt_rp_per_m2": null, "ridership_simpul": 57517269.0, "indeks_churn": null, "IPT": 58.33, "IAE": null, "Kompetisi": null, "Biaya_Risiko": null, "opportunity_score": 58.33, "residual_biaya": null, "iptt": 23.68, "hidden_gem_score": 43.68, "kuadran": "potensi_tinggi", "tingkat_keyakinan": "RENDAH", "versi_model": "loco-file-v1.0" }, "geometry": { "type": "Polygon", "coordinates": [ [ [ 106.85365364138255, -6.218446379659773 ], [ 106.853237486169121, -6.216712151576727 ], [ 106.851462753155147, -6.21627610686137 ], [ 106.850104180001111, -6.217574317290217 ], [ 106.850520360215199, -6.219308549643084 ], [ 106.852295088583134, -6.219744567297925 ], [ 106.85365364138255, -6.218446379659773 ] ] ] } },
{ "type": "Feature", "properties": { "hex_id": "898c1070557ffff", "kawasan": "Depok Baru", "kode_kawasan": "DPB", "diskor": true, "jarak_simpul_m": 945, "menit_jalan": 15, "lat": -6.3989751174909708, "lon": 106.81853234252766, "hex_induk": "888c107055fffff", "pop_100m": null, "pop_usia_produktif": null, "total_luas_bangunan_m2": null, "jumlah_bangunan": null, "rasio_tutupan_bangunan": null, "risiko_banjir_indeks_mean": null, "risiko_banjir_indeks_max": null, "n_kompetitor": 0, "n_simpul_transit": 0, "n_generator_keramaian": 0, "n_poi_terpadu": 0, "zona_peruntukan": null, "izin_perdagangan": true, "zonasi_diketahui": false, "n_menu_go": 0, "n_struk_go": 0, "n_properti_go": 0, "n_activity": 0, "n_titik_survei": 0, "harga_median": null, "belanja_median": null, "skor_ramai_rata": null, "n_titik_kring": 0, "znt_rp_per_m2": null, "ridership_simpul": 22931228.0, "indeks_churn": null, "IPT": 0.0, "IAE": null, "Kompetisi": null, "Biaya_Risiko": null, "opportunity_score": 0.0, "residual_biaya": null, "iptt": 0.0, "hidden_gem_score": 0.0, "kuadran": "potensi_rendah", "tingkat_keyakinan": "RENDAH", "versi_model": "loco-file-v1.0" }, "geometry": { "type": "Polygon", "coordinates": [ [ [ 106.820306476651481, -6.399409417187452 ], [ 106.819890284302275, -6.397678437913831 ], [ 106.818116134813351, -6.397244118124812 ], [ 106.816758182352942, -6.398540804594363 ], [ 106.817174399656565, -6.40027178796837 ], [ 106.81894854446665, -6.400706080773086 ], [ 106.820306476651481, -6.399409417187452 ] ] ] } },
{ "type": "Feature", "properties": { "hex_id": "898c10700d7ffff", "kawasan": "Depok Baru", "kode_kawasan": "DPB", "diskor": true, "jarak_simpul_m": 967, "menit_jalan": 15, "lat": -6.3851391358436462, "lon": 106.82856357815285, "hex_induk": "888c10700dfffff", "pop_100m": null, "pop_usia_produktif": null, "total_luas_bangunan_m2": null, "jumlah_bangunan": null, "rasio_tutupan_bangunan": null, "risiko_banjir_indeks_mean": null, "risiko_banjir_indeks_max": null, "n_kompetitor": 0, "n_simpul_transit": 0, "n_generator_keramaian": 0, "n_poi_terpadu": 0, "zona_peruntukan": null, "izin_perdagangan": true, "zonasi_diketahui": false, "n_menu_go": 0, "n_struk_go": 0, "n_properti_go": 0, "n_activity": 0, "n_titik_survei": 0, "harga_median": null, "belanja_median": null, "skor_ramai_rata": null, "n_titik_kring": 0, "znt_rp_per_m2": null, "ridership_simpul": 22931228.0, "indeks_churn": null, "IPT": 0.0, "IAE": null, "Kompetisi": null, "Biaya_Risiko": null, "opportunity_score": 0.0, "residual_biaya": null, "iptt": 0.0, "hidden_gem_score": 0.0, "kuadran": "potensi_rendah", "tingkat_keyakinan": "RENDAH", "versi_model": "loco-file-v1.0" }, "geometry": { "type": "Polygon", "coordinates": [ [ [ 106.830337657453157, -6.385573530916592 ], [ 106.829921530287564, -6.383842351647078 ], [ 106.828147435618334, -6.383407936478094 ], [ 106.826789472782934, -6.384704727578981 ], [ 106.827205624910363, -6.386435910972129 ], [ 106.82897971491181, -6.386870299141399 ], [ 106.830337657453157, -6.385573530916592 ] ] ] } },
{ "type": "Feature", "properties": { "hex_id": "898c107831bffff", "kawasan": "Manggarai", "kode_kawasan": "MGR", "diskor": true, "jarak_simpul_m": 981, "menit_jalan": 15, "lat": -6.2171481832293578, "lon": 106.85501219304501, "hex_induk": "888c107831fffff", "pop_100m": null, "pop_usia_produktif": null, "total_luas_bangunan_m2": null, "jumlah_bangunan": null, "rasio_tutupan_bangunan": null, "risiko_banjir_indeks_mean": null, "risiko_banjir_indeks_max": null, "n_kompetitor": 0, "n_simpul_transit": 0, "n_generator_keramaian": 0, "n_poi_terpadu": 0, "zona_peruntukan": null, "izin_perdagangan": true, "zonasi_diketahui": false, "n_menu_go": 0, "n_struk_go": 0, "n_properti_go": 0, "n_activity": 0, "n_titik_survei": 0, "harga_median": null, "belanja_median": null, "skor_ramai_rata": null, "n_titik_kring": 0, "znt_rp_per_m2": null, "ridership_simpul": 57517269.0, "indeks_churn": null, "IPT": 58.33, "IAE": null, "Kompetisi": null, "Biaya_Risiko": null, "opportunity_score": 58.33, "residual_biaya": null, "iptt": 23.68, "hidden_gem_score": 43.68, "kuadran": "potensi_tinggi", "tingkat_keyakinan": "RENDAH", "versi_model": "loco-file-v1.0" }, "geometry": { "type": "Polygon", "coordinates": [ [ [ 106.856786873780038, -6.217584201818443 ], [ 106.856370743569002, -6.21584997801015 ], [ 106.854596047442087, -6.21541393935663 ], [ 106.853237486169121, -6.216712151576727 ], [ 106.85365364138255, -6.218446379659773 ], [ 106.855428332867007, -6.218882391248602 ], [ 106.856786873780038, -6.217584201818443 ] ] ] } },
{ "type": "Feature", "properties": { "hex_id": "898c10705cbffff", "kawasan": "Depok Baru", "kode_kawasan": "DPB", "diskor": true, "jarak_simpul_m": 986, "menit_jalan": 15, "lat": -6.4002779769767359, "lon": 106.82385466673514, "hex_induk": "888c10705dfffff", "pop_100m": null, "pop_usia_produktif": null, "total_luas_bangunan_m2": null, "jumlah_bangunan": null, "rasio_tutupan_bangunan": null, "risiko_banjir_indeks_mean": null, "risiko_banjir_indeks_max": null, "n_kompetitor": 0, "n_simpul_transit": 0, "n_generator_keramaian": 0, "n_poi_terpadu": 0, "zona_peruntukan": null, "izin_perdagangan": true, "zonasi_diketahui": false, "n_menu_go": 0, "n_struk_go": 0, "n_properti_go": 0, "n_activity": 0, "n_titik_survei": 0, "harga_median": null, "belanja_median": null, "skor_ramai_rata": null, "n_titik_kring": 0, "znt_rp_per_m2": null, "ridership_simpul": 22931228.0, "indeks_churn": null, "IPT": 0.0, "IAE": null, "Kompetisi": null, "Biaya_Risiko": null, "opportunity_score": 0.0, "residual_biaya": null, "iptt": 0.0, "hidden_gem_score": 0.0, "kuadran": "potensi_rendah", "tingkat_keyakinan": "RENDAH", "versi_model": "loco-file-v1.0" }, "geometry": { "type": "Polygon", "coordinates": [ [ [ 106.825628722689331, -6.400712237067883 ], [ 106.825212576437778, -6.39898131808087 ], [ 106.823438505117309, -6.398547037892685 ], [ 106.822080584721604, -6.399843703682991 ], [ 106.822496755930118, -6.401574626776831 ], [ 106.824270822577859, -6.402008879974184 ], [ 106.825628722689331, -6.400712237067883 ] ] ] } },
{ "type": "Feature", "properties": { "hex_id": "898c107057bffff", "kawasan": "Depok Baru", "kode_kawasan": "DPB", "diskor": true, "jarak_simpul_m": 997, "menit_jalan": 15, "lat": -6.3946443633249634, "lon": 106.81415151346792, "hex_induk": "888c107057fffff", "pop_100m": null, "pop_usia_produktif": null, "total_luas_bangunan_m2": null, "jumlah_bangunan": null, "rasio_tutupan_bangunan": null, "risiko_banjir_indeks_mean": null, "risiko_banjir_indeks_max": null, "n_kompetitor": 0, "n_simpul_transit": 0, "n_generator_keramaian": 0, "n_poi_terpadu": 0, "zona_peruntukan": null, "izin_perdagangan": true, "zonasi_diketahui": false, "n_menu_go": 0, "n_struk_go": 0, "n_properti_go": 0, "n_activity": 0, "n_titik_survei": 0, "harga_median": null, "belanja_median": null, "skor_ramai_rata": null, "n_titik_kring": 0, "znt_rp_per_m2": null, "ridership_simpul": 22931228.0, "indeks_churn": null, "IPT": 0.0, "IAE": null, "Kompetisi": null, "Biaya_Risiko": null, "opportunity_score": 0.0, "residual_biaya": null, "iptt": 0.0, "hidden_gem_score": 0.0, "kuadran": "potensi_rendah", "tingkat_keyakinan": "RENDAH", "versi_model": "loco-file-v1.0" }, "geometry": { "type": "Polygon", "coordinates": [ [ [ 106.815925730419423, -6.395078729599081 ], [ 106.815509495789385, -6.393347637982429 ], [ 106.813735263473433, -6.392913251620476 ], [ 106.812377270471984, -6.394209983855372 ], [ 106.812793530054861, -6.395941079569313 ], [ 106.814567757686817, -6.396375438951728 ], [ 106.815925730419423, -6.395078729599081 ] ] ] } },
{ "type": "Feature", "properties": { "hex_id": "898c1070437ffff", "kawasan": "Depok Baru", "kode_kawasan": "DPB", "diskor": true, "jarak_simpul_m": 1005, "menit_jalan": 15, "lat": -6.3994155850671355, "lon": 106.82698662169643, "hex_induk": "888c107043fffff", "pop_100m": null, "pop_usia_produktif": null, "total_luas_bangunan_m2": null, "jumlah_bangunan": null, "rasio_tutupan_bangunan": null, "risiko_banjir_indeks_mean": null, "risiko_banjir_indeks_max": null, "n_kompetitor": 0, "n_simpul_transit": 0, "n_generator_keramaian": 0, "n_poi_terpadu": 0, "zona_peruntukan": null, "izin_perdagangan": true, "zonasi_diketahui": false, "n_menu_go": 0, "n_struk_go": 0, "n_properti_go": 0, "n_activity": 0, "n_titik_survei": 0, "harga_median": null, "belanja_median": null, "skor_ramai_rata": null, "n_titik_kring": 0, "znt_rp_per_m2": null, "ridership_simpul": 22931228.0, "indeks_churn": null, "IPT": 0.0, "IAE": null, "Kompetisi": null, "Biaya_Risiko": null, "opportunity_score": 0.0, "residual_biaya": null, "iptt": 0.0, "hidden_gem_score": 0.0, "kuadran": "potensi_rendah", "tingkat_keyakinan": "RENDAH", "versi_model": "loco-file-v1.0" }, "geometry": { "type": "Polygon", "coordinates": [ [ [ 106.828760640890437, -6.399849838850646 ], [ 106.828344519597607, -6.398118923975373 ], [ 106.826570485036484, -6.39768465009267 ], [ 106.825212576437778, -6.39898131808087 ], [ 106.825628722689331, -6.400712237067883 ], [ 106.827402752581307, -6.401146483955599 ], [ 106.828760640890437, -6.399849838850646 ] ] ] } },
{ "type": "Feature", "properties": { "hex_id": "898c107046fffff", "kawasan": "Depok Baru", "kode_kawasan": "DPB", "diskor": true, "jarak_simpul_m": 1015, "menit_jalan": 15, "lat": -6.3873046741174644, "lon": 106.83075377884327, "hex_induk": "888c107047fffff", "pop_100m": null, "pop_usia_produktif": null, "total_luas_bangunan_m2": null, "jumlah_bangunan": null, "rasio_tutupan_bangunan": null, "risiko_banjir_indeks_mean": null, "risiko_banjir_indeks_max": null, "n_kompetitor": 0, "n_simpul_transit": 0, "n_generator_keramaian": 0, "n_poi_terpadu": 0, "zona_peruntukan": null, "izin_perdagangan": true, "zonasi_diketahui": false, "n_menu_go": 0, "n_struk_go": 0, "n_properti_go": 0, "n_activity": 0, "n_titik_survei": 0, "harga_median": null, "belanja_median": null, "skor_ramai_rata": null, "n_titik_kring": 0, "znt_rp_per_m2": null, "ridership_simpul": 22931228.0, "indeks_churn": null, "IPT": 0.0, "IAE": null, "Kompetisi": null, "Biaya_Risiko": null, "opportunity_score": 0.0, "residual_biaya": null, "iptt": 0.0, "hidden_gem_score": 0.0, "kuadran": "potensi_rendah", "tingkat_keyakinan": "RENDAH", "versi_model": "loco-file-v1.0" }, "geometry": { "type": "Polygon", "coordinates": [ [ [ 106.832527816701898, -6.38773903589949 ], [ 106.832111710681019, -6.386007912797008 ], [ 106.830337657453157, -6.385573530916592 ], [ 106.82897971491181, -6.386870299141399 ], [ 106.829395845895306, -6.388601426369056 ], [ 106.831169894457972, -6.389035781247382 ], [ 106.832527816701898, -6.38773903589949 ] ] ] } },
{ "type": "Feature", "properties": { "hex_id": "898c1078307ffff", "kawasan": "Manggarai", "kode_kawasan": "MGR", "diskor": true, "jarak_simpul_m": 1020, "menit_jalan": 15, "lat": -6.2188725189241625, "lon": 106.84874560571407, "hex_induk": "888c107831fffff", "pop_100m": null, "pop_usia_produktif": null, "total_luas_bangunan_m2": null, "jumlah_bangunan": null, "rasio_tutupan_bangunan": null, "risiko_banjir_indeks_mean": null, "risiko_banjir_indeks_max": null, "n_kompetitor": 0, "n_simpul_transit": 0, "n_generator_keramaian": 0, "n_poi_terpadu": 0, "zona_peruntukan": null, "izin_perdagangan": true, "zonasi_diketahui": false, "n_menu_go": 0, "n_struk_go": 0, "n_properti_go": 0, "n_activity": 0, "n_titik_survei": 0, "harga_median": null, "belanja_median": null, "skor_ramai_rata": null, "n_titik_kring": 0, "znt_rp_per_m2": null, "ridership_simpul": 57517269.0, "indeks_churn": null, "IPT": 58.33, "IAE": null, "Kompetisi": null, "Biaya_Risiko": null, "opportunity_score": 58.33, "residual_biaya": null, "iptt": 23.68, "hidden_gem_score": 43.68, "kuadran": "potensi_tinggi", "tingkat_keyakinan": "RENDAH", "versi_model": "loco-file-v1.0" }, "geometry": { "type": "Polygon", "coordinates": [ [ [ 106.850520360215199, -6.219308549643084 ], [ 106.850104180001111, -6.217574317290217 ], [ 106.848329410109784, -6.217138266511182 ], [ 106.846970825082593, -6.218436475142008 ], [ 106.847387030295565, -6.220170711759763 ], [ 106.849161795537285, -6.220606735482441 ], [ 106.850520360215199, -6.219308549643084 ] ] ] } },
{ "type": "Feature", "properties": { "hex_id": "898c10700c7ffff", "kawasan": "Depok Baru", "kode_kawasan": "DPB", "diskor": true, "jarak_simpul_m": 1036, "menit_jalan": 15, "lat": -6.3829735081189085, "lon": 106.8263733148799, "hex_induk": "888c10700dfffff", "pop_100m": null, "pop_usia_produktif": null, "total_luas_bangunan_m2": null, "jumlah_bangunan": null, "rasio_tutupan_bangunan": null, "risiko_banjir_indeks_mean": null, "risiko_banjir_indeks_max": null, "n_kompetitor": 0, "n_simpul_transit": 0, "n_generator_keramaian": 0, "n_poi_terpadu": 0, "zona_peruntukan": null, "izin_perdagangan": true, "zonasi_diketahui": false, "n_menu_go": 0, "n_struk_go": 0, "n_properti_go": 0, "n_activity": 0, "n_titik_survei": 0, "harga_median": null, "belanja_median": null, "skor_ramai_rata": null, "n_titik_kring": 0, "znt_rp_per_m2": null, "ridership_simpul": 22931228.0, "indeks_churn": null, "IPT": 0.0, "IAE": null, "Kompetisi": null, "Biaya_Risiko": null, "opportunity_score": 0.0, "residual_biaya": null, "iptt": 0.0, "hidden_gem_score": 0.0, "kuadran": "potensi_rendah", "tingkat_keyakinan": "RENDAH", "versi_model": "loco-file-v1.0" }, "geometry": { "type": "Polygon", "coordinates": [ [ [ 106.828147435618334, -6.383407936478094 ], [ 106.827731287308211, -6.381676701047056 ], [ 106.82595715120118, -6.381242252594189 ], [ 106.824599168075096, -6.382539066570347 ], [ 106.825015341346258, -6.384270306123452 ], [ 106.826789472782934, -6.384704727578981 ], [ 106.828147435618334, -6.383407936478094 ] ] ] } },
{ "type": "Feature", "properties": { "hex_id": "898c107043bffff", "kawasan": "Depok Baru", "kode_kawasan": "DPB", "diskor": true, "jarak_simpul_m": 1037, "menit_jalan": 15, "lat": -6.3955255745325585, "lon": 106.83106031207619, "hex_induk": "888c107043fffff", "pop_100m": null, "pop_usia_produktif": null, "total_luas_bangunan_m2": null, "jumlah_bangunan": null, "rasio_tutupan_bangunan": null, "risiko_banjir_indeks_mean": null, "risiko_banjir_indeks_max": null, "n_kompetitor": 0, "n_simpul_transit": 0, "n_generator_keramaian": 0, "n_poi_terpadu": 0, "zona_peruntukan": null, "izin_perdagangan": true, "zonasi_diketahui": false, "n_menu_go": 0, "n_struk_go": 0, "n_properti_go": 0, "n_activity": 0, "n_titik_survei": 0, "harga_median": null, "belanja_median": null, "skor_ramai_rata": null, "n_titik_kring": 0, "znt_rp_per_m2": null, "ridership_simpul": 22931228.0, "indeks_churn": null, "IPT": 0.0, "IAE": null, "Kompetisi": null, "Biaya_Risiko": null, "opportunity_score": 0.0, "residual_biaya": null, "iptt": 0.0, "hidden_gem_score": 0.0, "kuadran": "potensi_rendah", "tingkat_keyakinan": "RENDAH", "versi_model": "loco-file-v1.0" }, "geometry": { "type": "Polygon", "coordinates": [ [ [ 106.832834299164432, -6.395959849011399 ], [ 106.83241820665053, -6.394228886188358 ], [ 106.830644204193788, -6.393794591608366 ], [ 106.829286298916003, -6.395091286852981 ], [ 106.82970241639137, -6.396822253796039 ], [ 106.831476414183498, -6.397256521375109 ], [ 106.832834299164432, -6.395959849011399 ] ] ] } },
{ "type": "Feature", "properties": { "hex_id": "898c1070477ffff", "kawasan": "Depok Baru", "kode_kawasan": "DPB", "diskor": true, "jarak_simpul_m": 1045, "menit_jalan": 15, "lat": -6.3924978872851348, "lon": 106.83200210836154, "hex_induk": "888c107047fffff", "pop_100m": null, "pop_usia_produktif": null, "total_luas_bangunan_m2": null, "jumlah_bangunan": null, "rasio_tutupan_bangunan": null, "risiko_banjir_indeks_mean": null, "risiko_banjir_indeks_max": null, "n_kompetitor": 0, "n_simpul_transit": 0, "n_generator_keramaian": 0, "n_poi_terpadu": 0, "zona_peruntukan": null, "izin_perdagangan": true, "zonasi_diketahui": false, "n_menu_go": 0, "n_struk_go": 0, "n_properti_go": 0, "n_activity": 0, "n_titik_survei": 0, "harga_median": null, "belanja_median": null, "skor_ramai_rata": null, "n_titik_kring": 0, "znt_rp_per_m2": null, "ridership_simpul": 22931228.0, "indeks_churn": null, "IPT": 0.0, "IAE": null, "Kompetisi": null, "Biaya_Risiko": null, "opportunity_score": 0.0, "residual_biaya": null, "iptt": 0.0, "hidden_gem_score": 0.0, "kuadran": "potensi_rendah", "tingkat_keyakinan": "RENDAH", "versi_model": "loco-file-v1.0" }, "geometry": { "type": "Polygon", "coordinates": [ [ [ 106.833776100112857, -6.392932188766881 ], [ 106.833360011417739, -6.391201173886734 ], [ 106.831586004297378, -6.390766852304041 ], [ 106.83022809053621, -6.392063572604846 ], [ 106.830644204193788, -6.393794591608366 ], [ 106.83241820665053, -6.394228886188358 ], [ 106.833776100112857, -6.392932188766881 ] ] ] } },
{ "type": "Feature", "properties": { "hex_id": "898c1079cbbffff", "kawasan": "Manggarai", "kode_kawasan": "MGR", "diskor": true, "jarak_simpul_m": 1055, "menit_jalan": 15, "lat": -6.2028472561907355, "lon": 106.85659105386529, "hex_induk": "888c1079cbfffff", "pop_100m": null, "pop_usia_produktif": null, "total_luas_bangunan_m2": null, "jumlah_bangunan": null, "rasio_tutupan_bangunan": null, "risiko_banjir_indeks_mean": null, "risiko_banjir_indeks_max": null, "n_kompetitor": 0, "n_simpul_transit": 0, "n_generator_keramaian": 0, "n_poi_terpadu": 0, "zona_peruntukan": null, "izin_perdagangan": true, "zonasi_diketahui": false, "n_menu_go": 0, "n_struk_go": 0, "n_properti_go": 0, "n_activity": 0, "n_titik_survei": 0, "harga_median": null, "belanja_median": null, "skor_ramai_rata": null, "n_titik_kring": 0, "znt_rp_per_m2": null, "ridership_simpul": 57517269.0, "indeks_churn": null, "IPT": 58.33, "IAE": null, "Kompetisi": null, "Biaya_Risiko": null, "opportunity_score": 58.33, "residual_biaya": null, "iptt": 23.68, "hidden_gem_score": 43.68, "kuadran": "potensi_tinggi", "tingkat_keyakinan": "RENDAH", "versi_model": "loco-file-v1.0" }, "geometry": { "type": "Polygon", "coordinates": [ [ [ 106.858365794700916, -6.203283416173814 ], [ 106.857949658638319, -6.20154892996073 ], [ 106.856174902408995, -6.201112749916466 ], [ 106.854816286883803, -6.202411083155221 ], [ 106.855232447951906, -6.20414557365502 ], [ 106.857007199540149, -6.204581726629996 ], [ 106.858365794700916, -6.203283416173814 ] ] ] } },
{ "type": "Feature", "properties": { "hex_id": "898c1079d8bffff", "kawasan": "Manggarai", "kode_kawasan": "MGR", "diskor": true, "jarak_simpul_m": 1056, "menit_jalan": 15, "lat": -6.2071579351863493, "lon": 106.84092364808217, "hex_induk": "888c1079d9fffff", "pop_100m": null, "pop_usia_produktif": null, "total_luas_bangunan_m2": null, "jumlah_bangunan": null, "rasio_tutupan_bangunan": null, "risiko_banjir_indeks_mean": null, "risiko_banjir_indeks_max": null, "n_kompetitor": 0, "n_simpul_transit": 0, "n_generator_keramaian": 0, "n_poi_terpadu": 0, "zona_peruntukan": null, "izin_perdagangan": true, "zonasi_diketahui": false, "n_menu_go": 0, "n_struk_go": 0, "n_properti_go": 0, "n_activity": 0, "n_titik_survei": 0, "harga_median": null, "belanja_median": null, "skor_ramai_rata": null, "n_titik_kring": 0, "znt_rp_per_m2": null, "ridership_simpul": 57517269.0, "indeks_churn": null, "IPT": 58.33, "IAE": null, "Kompetisi": null, "Biaya_Risiko": null, "opportunity_score": 58.33, "residual_biaya": null, "iptt": 23.68, "hidden_gem_score": 43.68, "kuadran": "potensi_tinggi", "tingkat_keyakinan": "RENDAH", "versi_model": "loco-file-v1.0" }, "geometry": { "type": "Polygon", "coordinates": [ [ [ 106.842698573301192, -6.207594125412873 ], [ 106.842282312228647, -6.205859617815573 ], [ 106.840507371620191, -6.205423407538682 ], [ 106.839148696743635, -6.206721731908201 ], [ 106.839564982812846, -6.208456243767537 ], [ 106.841339918762401, -6.208892426995967 ], [ 106.842698573301192, -6.207594125412873 ] ] ] } },
{ "type": "Feature", "properties": { "hex_id": "898c1078353ffff", "kawasan": "Manggarai", "kode_kawasan": "MGR", "diskor": true, "jarak_simpul_m": 1065, "menit_jalan": 15, "lat": -6.2132535412191059, "lon": 106.85908784119539, "hex_induk": "888c107835fffff", "pop_100m": null, "pop_usia_produktif": null, "total_luas_bangunan_m2": null, "jumlah_bangunan": null, "rasio_tutupan_bangunan": null, "risiko_banjir_indeks_mean": null, "risiko_banjir_indeks_max": null, "n_kompetitor": 0, "n_simpul_transit": 0, "n_generator_keramaian": 0, "n_poi_terpadu": 0, "zona_peruntukan": null, "izin_perdagangan": true, "zonasi_diketahui": false, "n_menu_go": 0, "n_struk_go": 0, "n_properti_go": 0, "n_activity": 0, "n_titik_survei": 0, "harga_median": null, "belanja_median": null, "skor_ramai_rata": null, "n_titik_kring": 0, "znt_rp_per_m2": null, "ridership_simpul": 57517269.0, "indeks_churn": null, "IPT": 58.33, "IAE": null, "Kompetisi": null, "Biaya_Risiko": null, "opportunity_score": 58.33, "residual_biaya": null, "iptt": 23.68, "hidden_gem_score": 43.68, "kuadran": "potensi_tinggi", "tingkat_keyakinan": "RENDAH", "versi_model": "loco-file-v1.0" }, "geometry": { "type": "Polygon", "coordinates": [ [ [ 106.860862489670211, -6.213689580816826 ], [ 106.860446388294747, -6.211955309654156 ], [ 106.858671724426628, -6.211519249990046 ], [ 106.857313166572354, -6.21281748855984 ], [ 106.857729292952982, -6.214551764005587 ], [ 106.859503952183175, -6.214987796599105 ], [ 106.860862489670211, -6.213689580816826 ] ] ] } },
{ "type": "Feature", "properties": { "hex_id": "898c10705cfffff", "kawasan": "Depok Baru", "kode_kawasan": "DPB", "diskor": true, "jarak_simpul_m": 1092, "menit_jalan": 15, "lat": -6.4011403603761874, "lon": 106.82072266322544, "hex_induk": "888c10705dfffff", "pop_100m": null, "pop_usia_produktif": null, "total_luas_bangunan_m2": null, "jumlah_bangunan": null, "rasio_tutupan_bangunan": null, "risiko_banjir_indeks_mean": null, "risiko_banjir_indeks_max": null, "n_kompetitor": 0, "n_simpul_transit": 0, "n_generator_keramaian": 0, "n_poi_terpadu": 0, "zona_peruntukan": null, "izin_perdagangan": true, "zonasi_diketahui": false, "n_menu_go": 0, "n_struk_go": 0, "n_properti_go": 0, "n_activity": 0, "n_titik_survei": 0, "harga_median": null, "belanja_median": null, "skor_ramai_rata": null, "n_titik_kring": 0, "znt_rp_per_m2": null, "ridership_simpul": 22931228.0, "indeks_churn": null, "IPT": 0.0, "IAE": null, "Kompetisi": null, "Biaya_Risiko": null, "opportunity_score": 0.0, "residual_biaya": null, "iptt": 0.0, "hidden_gem_score": 0.0, "kuadran": "potensi_rendah", "tingkat_keyakinan": "RENDAH", "versi_model": "loco-file-v1.0" }, "geometry": { "type": "Polygon", "coordinates": [ [ [ 106.822496755930118, -6.401574626776831 ], [ 106.822080584721604, -6.399843703682991 ], [ 106.820306476651481, -6.399409417187452 ], [ 106.81894854446665, -6.400706080773086 ], [ 106.819364740630377, -6.402437007968865 ], [ 106.821138844024205, -6.402871267477714 ], [ 106.822496755930118, -6.401574626776831 ] ] ] } },
{ "type": "Feature", "properties": { "hex_id": "898c10700a7ffff", "kawasan": "Depok Baru", "kode_kawasan": "DPB", "diskor": true, "jarak_simpul_m": 1096, "menit_jalan": 15, "lat": -6.3894509199875582, "lon": 106.81290274615729, "hex_induk": "888c10700bfffff", "pop_100m": null, "pop_usia_produktif": null, "total_luas_bangunan_m2": null, "jumlah_bangunan": null, "rasio_tutupan_bangunan": null, "risiko_banjir_indeks_mean": null, "risiko_banjir_indeks_max": null, "n_kompetitor": 0, "n_simpul_transit": 0, "n_generator_keramaian": 0, "n_poi_terpadu": 0, "zona_peruntukan": null, "izin_perdagangan": true, "zonasi_diketahui": false, "n_menu_go": 0, "n_struk_go": 0, "n_properti_go": 0, "n_activity": 0, "n_titik_survei": 0, "harga_median": null, "belanja_median": null, "skor_ramai_rata": null, "n_titik_kring": 0, "znt_rp_per_m2": null, "ridership_simpul": 22931228.0, "indeks_churn": null, "IPT": 0.0, "IAE": null, "Kompetisi": null, "Biaya_Risiko": null, "opportunity_score": 0.0, "residual_biaya": null, "iptt": 0.0, "hidden_gem_score": 0.0, "kuadran": "potensi_rendah", "tingkat_keyakinan": "RENDAH", "versi_model": "loco-file-v1.0" }, "geometry": { "type": "Polygon", "coordinates": [ [ [ 106.81467700920237, -6.389885346522601 ], [ 106.814260757245222, -6.388154146684045 ], [ 106.812486478835496, -6.387719700063735 ], [ 106.811128457068975, -6.389016480261563 ], [ 106.811544733979119, -6.390747684199193 ], [ 106.813319007703257, -6.391182103840571 ], [ 106.81467700920237, -6.389885346522601 ] ] ] } },
{ "type": "Feature", "properties": { "hex_id": "898c1079c87ffff", "kawasan": "Manggarai", "kode_kawasan": "MGR", "diskor": true, "jarak_simpul_m": 1097, "menit_jalan": 15, "lat": -6.2050178665510067, "lon": 106.85878192498213, "hex_induk": "888c1079c9fffff", "pop_100m": null, "pop_usia_produktif": null, "total_luas_bangunan_m2": null, "jumlah_bangunan": null, "rasio_tutupan_bangunan": null, "risiko_banjir_indeks_mean": null, "risiko_banjir_indeks_max": null, "n_kompetitor": 0, "n_simpul_transit": 0, "n_generator_keramaian": 0, "n_poi_terpadu": 0, "zona_peruntukan": null, "izin_perdagangan": true, "zonasi_diketahui": false, "n_menu_go": 0, "n_struk_go": 0, "n_properti_go": 0, "n_activity": 0, "n_titik_survei": 0, "harga_median": null, "belanja_median": null, "skor_ramai_rata": null, "n_titik_kring": 0, "znt_rp_per_m2": null, "ridership_simpul": 57517269.0, "indeks_churn": null, "IPT": 58.33, "IAE": null, "Kompetisi": null, "Biaya_Risiko": null, "opportunity_score": 58.33, "residual_biaya": null, "iptt": 23.68, "hidden_gem_score": 43.68, "kuadran": "potensi_tinggi", "tingkat_keyakinan": "RENDAH", "versi_model": "loco-file-v1.0" }, "geometry": { "type": "Polygon", "coordinates": [ [ [ 106.860556624275034, -6.20545399341723 ], [ 106.860140509387847, -6.203719563103602 ], [ 106.858365794700916, -6.203283416173814 ], [ 106.857007199540149, -6.204581726629996 ], [ 106.857423339433623, -6.206316161231891 ], [ 106.859198049482046, -6.206752281089985 ], [ 106.860556624275034, -6.20545399341723 ] ] ] } },
{ "type": "Feature", "properties": { "hex_id": "898c107835bffff", "kawasan": "Manggarai", "kode_kawasan": "MGR", "diskor": true, "jarak_simpul_m": 1099, "menit_jalan": 15, "lat": -6.2102210026439053, "lon": 106.86003028113828, "hex_induk": "888c107835fffff", "pop_100m": null, "pop_usia_produktif": null, "total_luas_bangunan_m2": null, "jumlah_bangunan": null, "rasio_tutupan_bangunan": null, "risiko_banjir_indeks_mean": null, "risiko_banjir_indeks_max": null, "n_kompetitor": 0, "n_simpul_transit": 0, "n_generator_keramaian": 0, "n_poi_terpadu": 0, "zona_peruntukan": null, "izin_perdagangan": true, "zonasi_diketahui": false, "n_menu_go": 0, "n_struk_go": 0, "n_properti_go": 0, "n_activity": 0, "n_titik_survei": 0, "harga_median": null, "belanja_median": null, "skor_ramai_rata": null, "n_titik_kring": 0, "znt_rp_per_m2": null, "ridership_simpul": 57517269.0, "indeks_churn": null, "IPT": 58.33, "IAE": null, "Kompetisi": null, "Biaya_Risiko": null, "opportunity_score": 58.33, "residual_biaya": null, "iptt": 23.68, "hidden_gem_score": 43.68, "kuadran": "potensi_tinggi", "tingkat_keyakinan": "RENDAH", "versi_model": "loco-file-v1.0" }, "geometry": { "type": "Polygon", "coordinates": [ [ [ 106.861804934249506, -6.210657069314204 ], [ 106.861388836705785, -6.208922746524868 ], [ 106.859614168200736, -6.208486659788395 ], [ 106.858255601876792, -6.209784922914258 ], [ 106.858671724426628, -6.211519249990046 ], [ 106.860446388294747, -6.211955309654156 ], [ 106.861804934249506, -6.210657069314204 ] ] ] } },
{ "type": "Feature", "properties": { "hex_id": "898c1070003ffff", "kawasan": "Depok Baru", "kode_kawasan": "DPB", "diskor": true, "jarak_simpul_m": 1106, "menit_jalan": 15, "lat": -6.3816701439083721, "lon": 106.82105079627763, "hex_induk": "888c107001fffff", "pop_100m": null, "pop_usia_produktif": null, "total_luas_bangunan_m2": null, "jumlah_bangunan": null, "rasio_tutupan_bangunan": null, "risiko_banjir_indeks_mean": null, "risiko_banjir_indeks_max": null, "n_kompetitor": 0, "n_simpul_transit": 0, "n_generator_keramaian": 0, "n_poi_terpadu": 0, "zona_peruntukan": null, "izin_perdagangan": true, "zonasi_diketahui": false, "n_menu_go": 0, "n_struk_go": 0, "n_properti_go": 0, "n_activity": 0, "n_titik_survei": 0, "harga_median": null, "belanja_median": null, "skor_ramai_rata": null, "n_titik_kring": 0, "znt_rp_per_m2": null, "ridership_simpul": 22931228.0, "indeks_churn": null, "IPT": 0.0, "IAE": null, "Kompetisi": null, "Biaya_Risiko": null, "opportunity_score": 0.0, "residual_biaya": null, "iptt": 0.0, "hidden_gem_score": 0.0, "kuadran": "potensi_rendah", "tingkat_keyakinan": "RENDAH", "versi_model": "loco-file-v1.0" }, "geometry": { "type": "Polygon", "coordinates": [ [ [ 106.822824995206716, -6.382104611833225 ], [ 106.822408800791976, -6.38037331612566 ], [ 106.820634586495459, -6.379938828111646 ], [ 106.819276571290629, -6.381235662796638 ], [ 106.819692790663865, -6.382966962619816 ], [ 106.821467000283889, -6.383401423643033 ], [ 106.822824995206716, -6.382104611833225 ] ] ] } },
{ "type": "Feature", "properties": { "hex_id": "898c1079dc7ffff", "kawasan": "Manggarai", "kode_kawasan": "MGR", "diskor": true, "jarak_simpul_m": 1108, "menit_jalan": 15, "lat": -6.2041250743816878, "lon": 106.84186604537436, "hex_induk": "888c1079ddfffff", "pop_100m": null, "pop_usia_produktif": null, "total_luas_bangunan_m2": null, "jumlah_bangunan": null, "rasio_tutupan_bangunan": null, "risiko_banjir_indeks_mean": null, "risiko_banjir_indeks_max": null, "n_kompetitor": 0, "n_simpul_transit": 0, "n_generator_keramaian": 0, "n_poi_terpadu": 0, "zona_peruntukan": null, "izin_perdagangan": true, "zonasi_diketahui": false, "n_menu_go": 0, "n_struk_go": 0, "n_properti_go": 0, "n_activity": 0, "n_titik_survei": 0, "harga_median": null, "belanja_median": null, "skor_ramai_rata": null, "n_titik_kring": 0, "znt_rp_per_m2": null, "ridership_simpul": 57517269.0, "indeks_churn": null, "IPT": 58.33, "IAE": null, "Kompetisi": null, "Biaya_Risiko": null, "opportunity_score": 58.33, "residual_biaya": null, "iptt": 23.68, "hidden_gem_score": 43.68, "kuadran": "potensi_tinggi", "tingkat_keyakinan": "RENDAH", "versi_model": "loco-file-v1.0" }, "geometry": { "type": "Polygon", "coordinates": [ [ [ 106.843640975250779, -6.204561291658657 ], [ 106.843224718004649, -6.202826732440696 ], [ 106.841449772738244, -6.202390495113587 ], [ 106.840091089376372, -6.203688844055307 ], [ 106.840507371620191, -6.205423407538682 ], [ 106.842282312228647, -6.205859617815573 ], [ 106.843640975250779, -6.204561291658657 ] ] ] } },
{ "type": "Feature", "properties": { "hex_id": "898c1079d83ffff", "kawasan": "Manggarai", "kode_kawasan": "MGR", "diskor": true, "jarak_simpul_m": 1119, "menit_jalan": 15, "lat": -6.2101907197873594, "lon": 106.83998126310034, "hex_induk": "888c1079d9fffff", "pop_100m": null, "pop_usia_produktif": null, "total_luas_bangunan_m2": null, "jumlah_bangunan": null, "rasio_tutupan_bangunan": null, "risiko_banjir_indeks_mean": null, "risiko_banjir_indeks_max": null, "n_kompetitor": 0, "n_simpul_transit": 0, "n_generator_keramaian": 0, "n_poi_terpadu": 0, "zona_peruntukan": null, "izin_perdagangan": true, "zonasi_diketahui": false, "n_menu_go": 0, "n_struk_go": 0, "n_properti_go": 0, "n_activity": 0, "n_titik_survei": 0, "harga_median": null, "belanja_median": null, "skor_ramai_rata": null, "n_titik_kring": 0, "znt_rp_per_m2": null, "ridership_simpul": 57517269.0, "indeks_churn": null, "IPT": 58.33, "IAE": null, "Kompetisi": null, "Biaya_Risiko": null, "opportunity_score": 58.33, "residual_biaya": null, "iptt": 23.68, "hidden_gem_score": 43.68, "kuadran": "potensi_tinggi", "tingkat_keyakinan": "RENDAH", "versi_model": "loco-file-v1.0" }, "geometry": { "type": "Polygon", "coordinates": [ [ [ 106.841756183660948, -6.210626882965202 ], [ 106.841339918762401, -6.208892426995967 ], [ 106.839564982812846, -6.208456243767537 ], [ 106.838206316422244, -6.209754543555706 ], [ 106.838622606316505, -6.211489003783584 ], [ 106.840397537606137, -6.211925159965304 ], [ 106.841756183660948, -6.210626882965202 ] ] ] } },
{ "type": "Feature", "properties": { "hex_id": "898c1079cabffff", "kawasan": "Manggarai", "kode_kawasan": "MGR", "diskor": true, "jarak_simpul_m": 1120, "menit_jalan": 15, "lat": -6.2006765568212794, "lon": 106.85440012003417, "hex_induk": "888c1079cbfffff", "pop_100m": null, "pop_usia_produktif": null, "total_luas_bangunan_m2": null, "jumlah_bangunan": null, "rasio_tutupan_bangunan": null, "risiko_banjir_indeks_mean": null, "risiko_banjir_indeks_max": null, "n_kompetitor": 0, "n_simpul_transit": 0, "n_generator_keramaian": 0, "n_poi_terpadu": 0, "zona_peruntukan": null, "izin_perdagangan": true, "zonasi_diketahui": false, "n_menu_go": 0, "n_struk_go": 0, "n_properti_go": 0, "n_activity": 0, "n_titik_survei": 0, "harga_median": null, "belanja_median": null, "skor_ramai_rata": null, "n_titik_kring": 0, "znt_rp_per_m2": null, "ridership_simpul": 57517269.0, "indeks_churn": null, "IPT": 58.33, "IAE": null, "Kompetisi": null, "Biaya_Risiko": null, "opportunity_score": 58.33, "residual_biaya": null, "iptt": 23.68, "hidden_gem_score": 43.68, "kuadran": "potensi_tinggi", "tingkat_keyakinan": "RENDAH", "versi_model": "loco-file-v1.0" }, "geometry": { "type": "Polygon", "coordinates": [ [ [ 106.856174902408995, -6.201112749916466 ], [ 106.855758745171158, -6.199378207809527 ], [ 106.853983947402966, -6.198941994655542 ], [ 106.852625311516718, -6.200240350676004 ], [ 106.853041493759278, -6.201974897068108 ], [ 106.854816286883803, -6.202411083155221 ], [ 106.856174902408995, -6.201112749916466 ] ] ] } },
{ "type": "Feature", "properties": { "hex_id": "898c10700afffff", "kawasan": "Depok Baru", "kode_kawasan": "DPB", "diskor": true, "jarak_simpul_m": 1120, "menit_jalan": 15, "lat": -6.3864229107761386, "lon": 106.81384449951224, "hex_induk": "888c10700bfffff", "pop_100m": null, "pop_usia_produktif": null, "total_luas_bangunan_m2": null, "jumlah_bangunan": null, "rasio_tutupan_bangunan": null, "risiko_banjir_indeks_mean": null, "risiko_banjir_indeks_max": null, "n_kompetitor": 0, "n_simpul_transit": 0, "n_generator_keramaian": 0, "n_poi_terpadu": 0, "zona_peruntukan": null, "izin_perdagangan": true, "zonasi_diketahui": false, "n_menu_go": 0, "n_struk_go": 0, "n_properti_go": 0, "n_activity": 0, "n_titik_survei": 0, "harga_median": null, "belanja_median": null, "skor_ramai_rata": null, "n_titik_kring": 0, "znt_rp_per_m2": null, "ridership_simpul": 22931228.0, "indeks_churn": null, "IPT": 0.0, "IAE": null, "Kompetisi": null, "Biaya_Risiko": null, "opportunity_score": 0.0, "residual_biaya": null, "iptt": 0.0, "hidden_gem_score": 0.0, "kuadran": "potensi_rendah", "tingkat_keyakinan": "RENDAH", "versi_model": "loco-file-v1.0" }, "geometry": { "type": "Polygon", "coordinates": [ [ [ 106.815618767241375, -6.386857364292071 ], [ 106.815202519097653, -6.385126112402191 ], [ 106.813428236003332, -6.38469163880119 ], [ 106.812070205737797, -6.385988444071424 ], [ 106.812486478835496, -6.387719700063735 ], [ 106.814260757245222, -6.388154146684045 ], [ 106.815618767241375, -6.386857364292071 ] ] ] } },
{ "type": "Feature", "properties": { "hex_id": "898c1070007ffff", "kawasan": "Depok Baru", "kode_kawasan": "DPB", "diskor": true, "jarak_simpul_m": 1123, "menit_jalan": 15, "lat": -6.3825324884090078, "lon": 106.81791855498837, "hex_induk": "888c107001fffff", "pop_100m": null, "pop_usia_produktif": null, "total_luas_bangunan_m2": null, "jumlah_bangunan": null, "rasio_tutupan_bangunan": null, "risiko_banjir_indeks_mean": null, "risiko_banjir_indeks_max": null, "n_kompetitor": 0, "n_simpul_transit": 0, "n_generator_keramaian": 0, "n_poi_terpadu": 0, "zona_peruntukan": null, "izin_perdagangan": true, "zonasi_diketahui": false, "n_menu_go": 0, "n_struk_go": 0, "n_properti_go": 0, "n_activity": 0, "n_titik_survei": 0, "harga_median": null, "belanja_median": null, "skor_ramai_rata": null, "n_titik_kring": 0, "znt_rp_per_m2": null, "ridership_simpul": 22931228.0, "indeks_churn": null, "IPT": 0.0, "IAE": null, "Kompetisi": null, "Biaya_Risiko": null, "opportunity_score": 0.0, "residual_biaya": null, "iptt": 0.0, "hidden_gem_score": 0.0, "kuadran": "potensi_rendah", "tingkat_keyakinan": "RENDAH", "versi_model": "loco-file-v1.0" }, "geometry": { "type": "Polygon", "coordinates": [ [ [ 106.819692790663865, -6.382966962619816 ], [ 106.819276571290629, -6.381235662796638 ], [ 106.817502320248565, -6.380801168498812 ], [ 106.816144293260237, -6.382098001011458 ], [ 106.816560537590192, -6.383829304945344 ], [ 106.81833478395221, -6.384263772256523 ], [ 106.819692790663865, -6.382966962619816 ] ] ] } },
{ "type": "Feature", "properties": { "hex_id": "898c1078323ffff", "kawasan": "Manggarai", "kode_kawasan": "MGR", "diskor": true, "jarak_simpul_m": 1136, "menit_jalan": 15, "lat": -6.2175643483913552, "lon": 106.84342118543988, "hex_induk": "888c107833fffff", "pop_100m": null, "pop_usia_produktif": null, "total_luas_bangunan_m2": null, "jumlah_bangunan": null, "rasio_tutupan_bangunan": null, "risiko_banjir_indeks_mean": null, "risiko_banjir_indeks_max": null, "n_kompetitor": 0, "n_simpul_transit": 0, "n_generator_keramaian": 0, "n_poi_terpadu": 0, "zona_peruntukan": null, "izin_perdagangan": true, "zonasi_diketahui": false, "n_menu_go": 0, "n_struk_go": 0, "n_properti_go": 0, "n_activity": 0, "n_titik_survei": 0, "harga_median": null, "belanja_median": null, "skor_ramai_rata": null, "n_titik_kring": 0, "znt_rp_per_m2": null, "ridership_simpul": 57517269.0, "indeks_churn": null, "IPT": 58.33, "IAE": null, "Kompetisi": null, "Biaya_Risiko": null, "opportunity_score": 58.33, "residual_biaya": null, "iptt": 23.68, "hidden_gem_score": 43.68, "kuadran": "potensi_tinggi", "tingkat_keyakinan": "RENDAH", "versi_model": "loco-file-v1.0" }, "geometry": { "type": "Polygon", "coordinates": [ [ [ 106.845196018323591, -6.218000418297465 ], [ 106.844779791940041, -6.216266125768797 ], [ 106.843004943667268, -6.215830035807112 ], [ 106.841646326434287, -6.217128265424535 ], [ 106.842062577814161, -6.218862562211594 ], [ 106.843837421431175, -6.219298625123496 ], [ 106.845196018323591, -6.218000418297465 ] ] ] } },
{ "type": "Feature", "properties": { "hex_id": "898c1070433ffff", "kawasan": "Depok Baru", "kode_kawasan": "DPB", "diskor": true, "jarak_simpul_m": 1143, "menit_jalan": 15, "lat": -6.3985531846560066, "lon": 106.83011852809167, "hex_induk": "888c107043fffff", "pop_100m": null, "pop_usia_produktif": null, "total_luas_bangunan_m2": null, "jumlah_bangunan": null, "rasio_tutupan_bangunan": null, "risiko_banjir_indeks_mean": null, "risiko_banjir_indeks_max": null, "n_kompetitor": 0, "n_simpul_transit": 0, "n_generator_keramaian": 0, "n_poi_terpadu": 0, "zona_peruntukan": null, "izin_perdagangan": true, "zonasi_diketahui": false, "n_menu_go": 0, "n_struk_go": 0, "n_properti_go": 0, "n_activity": 0, "n_titik_survei": 0, "harga_median": null, "belanja_median": null, "skor_ramai_rata": null, "n_titik_kring": 0, "znt_rp_per_m2": null, "ridership_simpul": 22931228.0, "indeks_churn": null, "IPT": 0.0, "IAE": null, "Kompetisi": null, "Biaya_Risiko": null, "opportunity_score": 0.0, "residual_biaya": null, "iptt": 0.0, "hidden_gem_score": 0.0, "kuadran": "potensi_rendah", "tingkat_keyakinan": "RENDAH", "versi_model": "loco-file-v1.0" }, "geometry": { "type": "Polygon", "coordinates": [ [ [ 106.831892510515829, -6.398987432133733 ], [ 106.831476414183498, -6.397256521375109 ], [ 106.82970241639137, -6.396822253796039 ], [ 106.828344519597607, -6.398118923975373 ], [ 106.828760640890437, -6.399849838850646 ], [ 106.830534634016971, -6.400284079430582 ], [ 106.831892510515829, -6.398987432133733 ] ] ] } },
{ "type": "Feature", "properties": { "hex_id": "898c10783cfffff", "kawasan": "Manggarai", "kode_kawasan": "MGR", "diskor": true, "jarak_simpul_m": 1145, "menit_jalan": 15, "lat": -6.2162860036007848, "lon": 106.85814541355261, "hex_induk": "888c10783dfffff", "pop_100m": null, "pop_usia_produktif": null, "total_luas_bangunan_m2": null, "jumlah_bangunan": null, "rasio_tutupan_bangunan": null, "risiko_banjir_indeks_mean": null, "risiko_banjir_indeks_max": null, "n_kompetitor": 0, "n_simpul_transit": 0, "n_generator_keramaian": 0, "n_poi_terpadu": 0, "zona_peruntukan": null, "izin_perdagangan": true, "zonasi_diketahui": false, "n_menu_go": 0, "n_struk_go": 0, "n_properti_go": 0, "n_activity": 0, "n_titik_survei": 0, "harga_median": null, "belanja_median": null, "skor_ramai_rata": null, "n_titik_kring": 0, "znt_rp_per_m2": null, "ridership_simpul": 57517269.0, "indeks_churn": null, "IPT": 58.33, "IAE": null, "Kompetisi": null, "Biaya_Risiko": null, "opportunity_score": 58.33, "residual_biaya": null, "iptt": 23.68, "hidden_gem_score": 43.68, "kuadran": "potensi_tinggi", "tingkat_keyakinan": "RENDAH", "versi_model": "loco-file-v1.0" }, "geometry": { "type": "Polygon", "coordinates": [ [ [ 106.859920057390042, -6.216722016127696 ], [ 106.859503952183175, -6.214987796599105 ], [ 106.857729292952982, -6.214551764005587 ], [ 106.856370743569002, -6.21584997801015 ], [ 106.856786873780038, -6.217584201818443 ], [ 106.858561528371311, -6.218020207343111 ], [ 106.859920057390042, -6.216722016127696 ] ] ] } },
{ "type": "Feature", "properties": { "hex_id": "898c1079dcbffff", "kawasan": "Manggarai", "kode_kawasan": "MGR", "diskor": true, "jarak_simpul_m": 1159, "menit_jalan": 15, "lat": -6.2002300222204312, "lon": 106.84594205988736, "hex_induk": "888c1079ddfffff", "pop_100m": null, "pop_usia_produktif": null, "total_luas_bangunan_m2": null, "jumlah_bangunan": null, "rasio_tutupan_bangunan": null, "risiko_banjir_indeks_mean": null, "risiko_banjir_indeks_max": null, "n_kompetitor": 0, "n_simpul_transit": 0, "n_generator_keramaian": 0, "n_poi_terpadu": 0, "zona_peruntukan": null, "izin_perdagangan": true, "zonasi_diketahui": false, "n_menu_go": 0, "n_struk_go": 0, "n_properti_go": 0, "n_activity": 0, "n_titik_survei": 0, "harga_median": null, "belanja_median": null, "skor_ramai_rata": null, "n_titik_kring": 0, "znt_rp_per_m2": null, "ridership_simpul": 57517269.0, "indeks_churn": null, "IPT": 58.33, "IAE": null, "Kompetisi": null, "Biaya_Risiko": null, "opportunity_score": 58.33, "residual_biaya": null, "iptt": 23.68, "hidden_gem_score": 43.68, "kuadran": "potensi_tinggi", "tingkat_keyakinan": "RENDAH", "versi_model": "loco-file-v1.0" }, "geometry": { "type": "Polygon", "coordinates": [ [ [ 106.847716957555747, -6.200666260505552 ], [ 106.847300729136762, -6.198931653948078 ], [ 106.845525816077014, -6.198495395610875 ], [ 106.844167136090093, -6.199793770887922 ], [ 106.844583389509481, -6.20152838171912 ], [ 106.846358297915856, -6.201964613000194 ], [ 106.847716957555747, -6.200666260505552 ] ] ] } },
{ "type": "Feature", "properties": { "hex_id": "898c107832fffff", "kawasan": "Manggarai", "kode_kawasan": "MGR", "diskor": true, "jarak_simpul_m": 1161, "menit_jalan": 15, "lat": -6.215393932786232, "lon": 106.84123006927304, "hex_induk": "888c107833fffff", "pop_100m": null, "pop_usia_produktif": null, "total_luas_bangunan_m2": null, "jumlah_bangunan": null, "rasio_tutupan_bangunan": null, "risiko_banjir_indeks_mean": null, "risiko_banjir_indeks_max": null, "n_kompetitor": 0, "n_simpul_transit": 0, "n_generator_keramaian": 0, "n_poi_terpadu": 0, "zona_peruntukan": null, "izin_perdagangan": true, "zonasi_diketahui": false, "n_menu_go": 0, "n_struk_go": 0, "n_properti_go": 0, "n_activity": 0, "n_titik_survei": 0, "harga_median": null, "belanja_median": null, "skor_ramai_rata": null, "n_titik_kring": 0, "znt_rp_per_m2": null, "ridership_simpul": 57517269.0, "indeks_churn": null, "IPT": 58.33, "IAE": null, "Kompetisi": null, "Biaya_Risiko": null, "opportunity_score": 58.33, "residual_biaya": null, "iptt": 23.68, "hidden_gem_score": 43.68, "kuadran": "potensi_tinggi", "tingkat_keyakinan": "RENDAH", "versi_model": "loco-file-v1.0" }, "geometry": { "type": "Polygon", "coordinates": [ [ [ 106.843004943667268, -6.215830035807112 ], [ 106.84258869611331, -6.214095687373117 ], [ 106.840813806330345, -6.213659564299045 ], [ 106.839455168760139, -6.214957816706995 ], [ 106.839871441309654, -6.216692169397827 ], [ 106.841646326434287, -6.217128265424535 ], [ 106.843004943667268, -6.215830035807112 ] ] ] } },
{ "type": "Feature", "properties": { "hex_id": "898c1070463ffff", "kawasan": "Depok Baru", "kode_kawasan": "DPB", "diskor": true, "jarak_simpul_m": 1165, "menit_jalan": 15, "lat": -6.3894701229301623, "lon": 106.83294391694744, "hex_induk": "888c107047fffff", "pop_100m": null, "pop_usia_produktif": null, "total_luas_bangunan_m2": null, "jumlah_bangunan": null, "rasio_tutupan_bangunan": null, "risiko_banjir_indeks_mean": null, "risiko_banjir_indeks_max": null, "n_kompetitor": 0, "n_simpul_transit": 0, "n_generator_keramaian": 0, "n_poi_terpadu": 0, "zona_peruntukan": null, "izin_perdagangan": true, "zonasi_diketahui": false, "n_menu_go": 0, "n_struk_go": 0, "n_properti_go": 0, "n_activity": 0, "n_titik_survei": 0, "harga_median": null, "belanja_median": null, "skor_ramai_rata": null, "n_titik_kring": 0, "znt_rp_per_m2": null, "ridership_simpul": 22931228.0, "indeks_churn": null, "IPT": 0.0, "IAE": null, "Kompetisi": null, "Biaya_Risiko": null, "opportunity_score": 0.0, "residual_biaya": null, "iptt": 0.0, "hidden_gem_score": 0.0, "kuadran": "potensi_rendah", "tingkat_keyakinan": "RENDAH", "versi_model": "loco-file-v1.0" }, "geometry": { "type": "Polygon", "coordinates": [ [ [ 106.834717913360876, -6.389904451416588 ], [ 106.834301828484897, -6.388173384486648 ], [ 106.832527816701898, -6.38773903589949 ], [ 106.831169894457972, -6.389035781247382 ], [ 106.831586004297378, -6.390766852304041 ], [ 106.833360011417739, -6.391201173886734 ], [ 106.834717913360876, -6.389904451416588 ] ] ] } },
{ "type": "Feature", "properties": { "hex_id": "898c1079c37ffff", "kawasan": "Manggarai", "kode_kawasan": "MGR", "diskor": true, "jarak_simpul_m": 1166, "menit_jalan": 15, "lat": -6.1993678992385615, "lon": 106.84907561606519, "hex_induk": "888c1079c3fffff", "pop_100m": null, "pop_usia_produktif": null, "total_luas_bangunan_m2": null, "jumlah_bangunan": null, "rasio_tutupan_bangunan": null, "risiko_banjir_indeks_mean": null, "risiko_banjir_indeks_max": null, "n_kompetitor": 0, "n_simpul_transit": 0, "n_generator_keramaian": 0, "n_poi_terpadu": 0, "zona_peruntukan": null, "izin_perdagangan": true, "zonasi_diketahui": false, "n_menu_go": 0, "n_struk_go": 0, "n_properti_go": 0, "n_activity": 0, "n_titik_survei": 0, "harga_median": null, "belanja_median": null, "skor_ramai_rata": null, "n_titik_kring": 0, "znt_rp_per_m2": null, "ridership_simpul": 57517269.0, "indeks_churn": null, "IPT": 58.33, "IAE": null, "Kompetisi": null, "Biaya_Risiko": null, "opportunity_score": 58.33, "residual_biaya": null, "iptt": 23.68, "hidden_gem_score": 43.68, "kuadran": "potensi_tinggi", "tingkat_keyakinan": "RENDAH", "versi_model": "loco-file-v1.0" }, "geometry": { "type": "Polygon", "coordinates": [ [ [ 106.850850476859449, -6.199804131481486 ], [ 106.85043427344263, -6.198069529202678 ], [ 106.848659397256156, -6.197633276905505 ], [ 106.847300729136762, -6.198931653948078 ], [ 106.847716957555747, -6.200666260505552 ], [ 106.849491829092415, -6.201102485742421 ], [ 106.850850476859449, -6.199804131481486 ] ] ] } },
{ "type": "Feature", "properties": { "hex_id": "898c107056bffff", "kawasan": "Depok Baru", "kode_kawasan": "DPB", "diskor": true, "jarak_simpul_m": 1181, "menit_jalan": 15, "lat": -6.3924788520645617, "lon": 106.81196100511343, "hex_induk": "888c107057fffff", "pop_100m": null, "pop_usia_produktif": null, "total_luas_bangunan_m2": null, "jumlah_bangunan": null, "rasio_tutupan_bangunan": null, "risiko_banjir_indeks_mean": null, "risiko_banjir_indeks_max": null, "n_kompetitor": 0, "n_simpul_transit": 0, "n_generator_keramaian": 0, "n_poi_terpadu": 0, "zona_peruntukan": null, "izin_perdagangan": true, "zonasi_diketahui": false, "n_menu_go": 0, "n_struk_go": 0, "n_properti_go": 0, "n_activity": 0, "n_titik_survei": 0, "harga_median": null, "belanja_median": null, "skor_ramai_rata": null, "n_titik_kring": 0, "znt_rp_per_m2": null, "ridership_simpul": 22931228.0, "indeks_churn": null, "IPT": 0.0, "IAE": null, "Kompetisi": null, "Biaya_Risiko": null, "opportunity_score": 0.0, "residual_biaya": null, "iptt": 0.0, "hidden_gem_score": 0.0, "kuadran": "potensi_rendah", "tingkat_keyakinan": "RENDAH", "versi_model": "loco-file-v1.0" }, "geometry": { "type": "Polygon", "coordinates": [ [ [ 106.813735263473433, -6.392913251620476 ], [ 106.813319007703257, -6.391182103840571 ], [ 106.811544733979119, -6.390747684199193 ], [ 106.810186720712196, -6.392044439315504 ], [ 106.810603001434416, -6.393775591191136 ], [ 106.812377270471984, -6.394209983855372 ], [ 106.813735263473433, -6.392913251620476 ] ] ] } }
]
}
